Order_ID,Order_Date,Product,Category,Region,Quantity,Unit_Price,Sales,Profit
ORD00001,2025-01-01 00:00:00.000000000,Shoes,Clothing,South,2,45.48,90.96,22.6
ORD00002,2025-01-01 07:17:09.858215179,Perfume,Beauty,West,1,611.2,611.2,131.32
ORD00003,2025-01-01 14:34:19.716430358,Notebook,Office Supplies,South,3,303.66,910.98,177.14
ORD00004,2025-01-01 21:51:29.574645537,Skincare,Beauty,West,7,320.04,2240.28,597.09
ORD00005,2025-01-02 05:08:39.432860717,Perfume,Beauty,South,2,605.87,1211.74,148.27
ORD00006,2025-01-02 12:25:49.291075896,Table,Furniture,East,2,735.56,1471.12,245.56
ORD00007,2025-01-02 19:42:59.149291075,Stapler,Office Supplies,North,3,761.23,2283.69,467.81
ORD00008,2025-01-03 03:00:09.007506255,Stapler,Office Supplies,East,1,465.93,465.93,71.19
ORD00009,2025-01-03 10:17:18.865721434,Notebook,Office Supplies,North,7,292.13,2044.91,320.79
ORD00010,2025-01-03 17:34:28.723936613,Perfume,Beauty,West,6,632.16,3792.96,502.84
ORD00011,2025-01-04 00:51:38.582151793,Jacket,Clothing,East,1,208.29,208.29,39.8
ORD00012,2025-01-04 08:08:48.440366972,Notebook,Office Supplies,South,5,455.62,2278.1,598.33
ORD00013,2025-01-04 15:25:58.298582151,Makeup,Beauty,North,4,293.28,1173.12,117.76
ORD00014,2025-01-04 22:43:08.156797331,Desk,Furniture,North,3,528.74,1586.22,449.87
ORD00015,2025-01-05 06:00:18.015012510,Shoes,Clothing,East,6,199.92,1199.52,266.62
ORD00016,2025-01-05 13:17:27.873227689,Bookshelf,Furniture,West,7,161.36,1129.52,288.95
ORD00017,2025-01-05 20:34:37.731442869,Shoes,Clothing,East,3,735.41,2206.23,417.08
ORD00018,2025-01-06 03:51:47.589658048,Makeup,Beauty,West,3,90.42,271.26,66.43
ORD00019,2025-01-06 11:08:57.447873227,Headphones,Electronics,West,1,409.71,409.71,22.14
ORD00020,2025-01-06 18:26:07.306088407,Jeans,Clothing,North,4,184.47,737.88,187.86
ORD00021,2025-01-07 01:43:17.164303586,Chair,Furniture,East,5,40.75,203.75,12.23
ORD00022,2025-01-07 09:00:27.022518765,Perfume,Beauty,East,2,38.45,76.9,20.95
ORD00023,2025-01-07 16:17:36.880733945,Jacket,Clothing,West,2,148.43,296.86,88.46
ORD00024,2025-01-07 23:34:46.738949124,Monitor,Electronics,East,3,694.75,2084.25,257.44
ORD00025,2025-01-08 06:51:56.597164303,Smartphone,Electronics,South,4,233.16,932.64,95.67
ORD00026,2025-01-08 14:09:06.455379482,Notebook,Office Supplies,South,7,760.86,5326.02,1285.39
ORD00027,2025-01-08 21:26:16.313594662,Pen Set,Office Supplies,East,7,469.48,3286.36,372.2
ORD00028,2025-01-09 04:43:26.171809841,Desk,Furniture,East,6,354.93,2129.58,567.3
ORD00029,2025-01-09 12:00:36.030025020,T-Shirt,Clothing,West,1,468.27,468.27,35.45
ORD00030,2025-01-09 19:17:45.888240200,Jacket,Clothing,South,4,418.19,1672.76,136.31
ORD00031,2025-01-10 02:34:55.746455379,Notebook,Office Supplies,South,4,609.43,2437.72,718.61
ORD00032,2025-01-10 09:52:05.604670558,Jacket,Clothing,North,1,233.17,233.17,50.94
ORD00033,2025-01-10 17:09:15.462885738,Shoes,Clothing,West,7,288.91,2022.37,529.3
ORD00034,2025-01-11 00:26:25.321100917,Smartphone,Electronics,North,7,716.33,5014.31,657.29
ORD00035,2025-01-11 07:43:35.179316096,Notebook,Office Supplies,South,7,757.7,5303.9,1162.2
ORD00036,2025-01-11 15:00:45.037531276,Hair Care,Beauty,West,3,715.12,2145.36,425.98
ORD00037,2025-01-11 22:17:54.895746455,Notebook,Office Supplies,East,4,341.36,1365.44,274.16
ORD00038,2025-01-12 05:35:04.753961634,Skincare,Beauty,West,2,626.49,1252.98,276.45
ORD00039,2025-01-12 12:52:14.612176814,Smartphone,Electronics,East,1,386.31,386.31,74.88
ORD00040,2025-01-12 20:09:24.470391993,Table,Furniture,East,7,403.06,2821.42,443.71
ORD00041,2025-01-13 03:26:34.328607172,T-Shirt,Clothing,West,6,171.7,1030.2,122.57
ORD00042,2025-01-13 10:43:44.186822352,Headphones,Electronics,East,7,476.99,3338.93,808.51
ORD00043,2025-01-13 18:00:54.045037531,Jacket,Clothing,North,7,157.05,1099.35,117.16
ORD00044,2025-01-14 01:18:03.903252710,Table,Furniture,South,5,271.94,1359.7,303.33
ORD00045,2025-01-14 08:35:13.761467890,Bookshelf,Furniture,East,3,685.47,2056.41,222.78
ORD00046,2025-01-14 15:52:23.619683069,Monitor,Electronics,North,1,173.59,173.59,35.82
ORD00047,2025-01-14 23:09:33.477898248,Bookshelf,Furniture,East,5,66.22,331.1,78.39
ORD00048,2025-01-15 06:26:43.336113427,Perfume,Beauty,South,5,64.52,322.6,33.77
ORD00049,2025-01-15 13:43:53.194328607,Chair,Furniture,North,6,753.22,4519.32,293.69
ORD00050,2025-01-15 21:01:03.052543786,Jeans,Clothing,South,4,410.47,1641.88,135.85
ORD00051,2025-01-16 04:18:12.910758965,T-Shirt,Clothing,South,6,333.44,2000.64,403.13
ORD00052,2025-01-16 11:35:22.768974145,T-Shirt,Clothing,North,4,650.59,2602.36,682.76
ORD00053,2025-01-16 18:52:32.627189324,T-Shirt,Clothing,North,4,670.3,2681.2,164.22
ORD00054,2025-01-17 02:09:42.485404503,Perfume,Beauty,North,1,272.43,272.43,63.62
ORD00055,2025-01-17 09:26:52.343619683,Notebook,Office Supplies,West,7,557.96,3905.72,528.56
ORD00056,2025-01-17 16:44:02.201834862,Smartphone,Electronics,North,1,619.19,619.19,105.03
ORD00057,2025-01-18 00:01:12.060050041,Shoes,Clothing,North,3,527.17,1581.51,446.33
ORD00058,2025-01-18 07:18:21.918265221,Bookshelf,Furniture,North,4,129.76,519.04,69.03
ORD00059,2025-01-18 14:35:31.776480400,Jacket,Clothing,North,5,701.95,3509.75,583.79
ORD00060,2025-01-18 21:52:41.634695579,Chair,Furniture,East,7,435.88,3051.16,162.99
ORD00061,2025-01-19 05:09:51.492910759,Desk,Furniture,West,2,233.15,466.3,32.83
ORD00062,2025-01-19 12:27:01.351125938,Jacket,Clothing,South,3,345.93,1037.79,118.98
ORD00063,2025-01-19 19:44:11.209341117,Perfume,Beauty,North,1,39.68,39.68,2.26
ORD00064,2025-01-20 03:01:21.067556297,Desk,Furniture,East,6,111.01,666.06,138.44
ORD00065,2025-01-20 10:18:30.925771476,Chair,Furniture,East,3,614.78,1844.34,288.82
ORD00066,2025-01-20 17:35:40.783986655,Jacket,Clothing,East,3,10.01,30.03,5.62
ORD00067,2025-01-21 00:52:50.642201835,Chair,Furniture,South,7,339.09,2373.63,222.32
ORD00068,2025-01-21 08:10:00.500417014,Chair,Furniture,North,3,422.78,1268.34,157.25
ORD00069,2025-01-21 15:27:10.358632193,Jacket,Clothing,West,3,53.16,159.48,34.44
ORD00070,2025-01-21 22:44:20.216847372,Jacket,Clothing,West,2,778.73,1557.46,453.73
ORD00071,2025-01-22 06:01:30.075062552,Monitor,Electronics,East,6,188.64,1131.84,70.86
ORD00072,2025-01-22 13:18:39.933277731,Makeup,Beauty,South,6,250.32,1501.92,409.42
ORD00073,2025-01-22 20:35:49.791492910,Perfume,Beauty,South,6,250.11,1500.66,291.46
ORD00074,2025-01-23 03:52:59.649708090,Bookshelf,Furniture,South,4,192.03,768.12,146.7
ORD00075,2025-01-23 11:10:09.507923269,Makeup,Beauty,West,5,11.16,55.8,9.77
ORD00076,2025-01-23 18:27:19.366138448,Desk,Furniture,East,6,586.18,3517.08,236.87
ORD00077,2025-01-24 01:44:29.224353628,Smartphone,Electronics,North,3,773.81,2321.43,168.23
ORD00078,2025-01-24 09:01:39.082568807,Jeans,Clothing,West,3,187.19,561.57,112.44
ORD00079,2025-01-24 16:18:48.940783986,Shoes,Clothing,East,6,533.81,3202.86,433.15
ORD00080,2025-01-24 23:35:58.798999166,Jacket,Clothing,East,7,596.1,4172.7,1165.51
ORD00081,2025-01-25 06:53:08.657214345,Skincare,Beauty,North,6,680.26,4081.56,618.96
ORD00082,2025-01-25 14:10:18.515429524,Smartphone,Electronics,North,3,343.88,1031.64,88.54
ORD00083,2025-01-25 21:27:28.373644704,Makeup,Beauty,North,4,249.32,997.28,228.06
ORD00084,2025-01-26 04:44:38.231859883,Makeup,Beauty,South,1,266.98,266.98,32.93
ORD00085,2025-01-26 12:01:48.090075062,Laptop,Electronics,North,1,572.97,572.97,103.92
ORD00086,2025-01-26 19:18:57.948290242,Laptop,Electronics,East,6,655.26,3931.56,882.47
ORD00087,2025-01-27 02:36:07.806505421,Monitor,Electronics,North,2,153.48,306.96,84.43
ORD00088,2025-01-27 09:53:17.664720600,Headphones,Electronics,East,6,303.04,1818.24,451.01
ORD00089,2025-01-27 17:10:27.522935780,T-Shirt,Clothing,West,7,722.53,5057.71,1108.1
ORD00090,2025-01-28 00:27:37.381150959,Stapler,Office Supplies,South,6,647.29,3883.74,854.07
ORD00091,2025-01-28 07:44:47.239366138,Notebook,Office Supplies,West,1,788.04,788.04,225.76
ORD00092,2025-01-28 15:01:57.097581318,Headphones,Electronics,West,3,605.86,1817.58,225.3
ORD00093,2025-01-28 22:19:06.955796497,Printer,Office Supplies,East,6,320.62,1923.72,96.72
ORD00094,2025-01-29 05:36:16.814011676,Notebook,Office Supplies,West,3,476.6,1429.8,168.7
ORD00095,2025-01-29 12:53:26.672226855,Headphones,Electronics,East,3,532.2,1596.6,166.8
ORD00096,2025-01-29 20:10:36.530442035,Stapler,Office Supplies,North,2,71.98,143.96,31.02
ORD00097,2025-01-30 03:27:46.388657214,Skincare,Beauty,North,3,440.15,1320.45,275.22
ORD00098,2025-01-30 10:44:56.246872393,Chair,Furniture,East,1,570.36,570.36,113.14
ORD00099,2025-01-30 18:02:06.105087573,Table,Furniture,North,4,142.18,568.72,30.75
ORD00100,2025-01-31 01:19:15.963302752,Smartphone,Electronics,South,4,626.7,2506.8,582.07
ORD00101,2025-01-31 08:36:25.821517931,Shoes,Clothing,West,5,471.18,2355.9,308.35
ORD00102,2025-01-31 15:53:35.679733111,Laptop,Electronics,South,7,762.26,5335.82,1153.95
ORD00103,2025-01-31 23:10:45.537948290,Shoes,Clothing,West,6,43.51,261.06,49.38
ORD00104,2025-02-01 06:27:55.396163469,Bookshelf,Furniture,North,7,219.61,1537.27,208.58
ORD00105,2025-02-01 13:45:05.254378649,Monitor,Electronics,South,1,485.23,485.23,40.59
ORD00106,2025-02-01 21:02:15.112593828,Skincare,Beauty,North,3,244.28,732.84,53.94
ORD00107,2025-02-02 04:19:24.970809007,Stapler,Office Supplies,West,4,574.4,2297.6,592.5
ORD00108,2025-02-02 11:36:34.829024187,Jeans,Clothing,East,7,609.61,4267.27,1193.13
ORD00109,2025-02-02 18:53:44.687239366,Stapler,Office Supplies,East,1,90.99,90.99,19.33
ORD00110,2025-02-03 02:10:54.545454545,Printer,Office Supplies,South,4,415.95,1663.8,126.21
ORD00111,2025-02-03 09:28:04.403669725,Headphones,Electronics,North,3,412.02,1236.06,186.04
ORD00112,2025-02-03 16:45:14.261884904,Printer,Office Supplies,North,7,301.73,2112.11,490.51
ORD00113,2025-02-04 00:02:24.120100083,Makeup,Beauty,South,4,747.01,2988.04,731.94
ORD00114,2025-02-04 07:19:33.978315263,Notebook,Office Supplies,East,6,663.73,3982.38,316.82
ORD00115,2025-02-04 14:36:43.836530442,Smartphone,Electronics,West,6,560.8,3364.8,168.27
ORD00116,2025-02-04 21:53:53.694745621,Hair Care,Beauty,South,5,574.32,2871.6,654.82
ORD00117,2025-02-05 05:11:03.552960800,Desk,Furniture,West,5,374.76,1873.8,260.74
ORD00118,2025-02-05 12:28:13.411175980,Printer,Office Supplies,East,4,737.59,2950.36,335.22
ORD00119,2025-02-05 19:45:23.269391159,Smartphone,Electronics,North,1,558.73,558.73,29.74
ORD00120,2025-02-06 03:02:33.127606338,Bookshelf,Furniture,East,6,585.9,3515.4,650.61
ORD00121,2025-02-06 10:19:42.985821518,Table,Furniture,South,1,690.74,690.74,181.52
ORD00122,2025-02-06 17:36:52.844036697,Jeans,Clothing,North,1,226.52,226.52,65.56
ORD00123,2025-02-07 00:54:02.702251876,Perfume,Beauty,South,4,647.59,2590.36,495.89
ORD00124,2025-02-07 08:11:12.560467056,Notebook,Office Supplies,South,1,164.24,164.24,29.34
ORD00125,2025-02-07 15:28:22.418682235,Headphones,Electronics,East,6,282.82,1696.92,120.93
ORD00126,2025-02-07 22:45:32.276897414,Jeans,Clothing,South,3,275.13,825.39,154.53
ORD00127,2025-02-08 06:02:42.135112594,Hair Care,Beauty,East,5,783.04,3915.2,567.68
ORD00128,2025-02-08 13:19:51.993327773,Jeans,Clothing,North,3,686.66,2059.98,415.67
ORD00129,2025-02-08 20:37:01.851542952,Makeup,Beauty,East,1,563.92,563.92,83.0
ORD00130,2025-02-09 03:54:11.709758132,Makeup,Beauty,North,3,584.37,1753.11,192.97
ORD00131,2025-02-09 11:11:21.567973311,Printer,Office Supplies,East,6,454.04,2724.24,200.89
ORD00132,2025-02-09 18:28:31.426188490,Makeup,Beauty,West,6,758.2,4549.2,585.62
ORD00133,2025-02-10 01:45:41.284403670,Jeans,Clothing,West,1,402.04,402.04,29.82
ORD00134,2025-02-10 09:02:51.142618849,Makeup,Beauty,South,4,310.61,1242.44,117.07
ORD00135,2025-02-10 16:20:01.000834028,Notebook,Office Supplies,East,3,138.8,416.4,123.6
ORD00136,2025-02-10 23:37:10.859049207,Notebook,Office Supplies,East,4,631.1,2524.4,406.49
ORD00137,2025-02-11 06:54:20.717264387,T-Shirt,Clothing,North,4,590.21,2360.84,431.96
ORD00138,2025-02-11 14:11:30.575479566,Bookshelf,Furniture,South,2,313.64,627.28,168.36
ORD00139,2025-02-11 21:28:40.433694745,Bookshelf,Furniture,East,1,29.9,29.9,8.94
ORD00140,2025-02-12 04:45:50.291909925,Skincare,Beauty,South,5,672.81,3364.05,658.27
ORD00141,2025-02-12 12:03:00.150125104,Headphones,Electronics,West,6,19.02,114.12,28.89
ORD00142,2025-02-12 19:20:10.008340283,Makeup,Beauty,East,6,565.92,3395.52,447.31
ORD00143,2025-02-13 02:37:19.866555463,Jeans,Clothing,East,1,776.5,776.5,98.18
ORD00144,2025-02-13 09:54:29.724770642,Jeans,Clothing,South,7,355.75,2490.25,375.22
ORD00145,2025-02-13 17:11:39.582985821,Jeans,Clothing,East,7,195.63,1369.41,298.71
ORD00146,2025-02-14 00:28:49.441201001,T-Shirt,Clothing,South,7,566.85,3967.95,875.12
ORD00147,2025-02-14 07:45:59.299416180,Jacket,Clothing,East,5,655.53,3277.65,422.19
ORD00148,2025-02-14 15:03:09.157631359,Stapler,Office Supplies,North,6,441.68,2650.08,220.76
ORD00149,2025-02-14 22:20:19.015846539,Table,Furniture,South,1,773.96,773.96,161.06
ORD00150,2025-02-15 05:37:28.874061718,T-Shirt,Clothing,East,6,50.82,304.92,25.03
ORD00151,2025-02-15 12:54:38.732276897,Monitor,Electronics,West,4,408.79,1635.16,318.24
ORD00152,2025-02-15 20:11:48.590492077,Monitor,Electronics,East,3,577.58,1732.74,387.02
ORD00153,2025-02-16 03:28:58.448707256,Monitor,Electronics,West,3,691.49,2074.47,467.07
ORD00154,2025-02-16 10:46:08.306922435,Monitor,Electronics,West,6,151.61,909.66,216.83
ORD00155,2025-02-16 18:03:18.165137614,Pen Set,Office Supplies,North,2,642.0,1284.0,344.39
ORD00156,2025-02-17 01:20:28.023352794,Monitor,Electronics,South,5,446.64,2233.2,390.79
ORD00157,2025-02-17 08:37:37.881567973,Jeans,Clothing,East,7,323.28,2262.96,526.28
ORD00158,2025-02-17 15:54:47.739783152,Skincare,Beauty,North,5,114.05,570.25,116.78
ORD00159,2025-02-17 23:11:57.597998332,Headphones,Electronics,East,5,693.58,3467.9,335.21
ORD00160,2025-02-18 06:29:07.456213511,Stapler,Office Supplies,West,4,134.25,537.0,30.3
ORD00161,2025-02-18 13:46:17.314428690,Pen Set,Office Supplies,South,5,254.73,1273.65,154.28
ORD00162,2025-02-18 21:03:27.172643870,Monitor,Electronics,East,3,239.14,717.42,115.33
ORD00163,2025-02-19 04:20:37.030859049,Perfume,Beauty,East,4,698.42,2793.68,570.68
ORD00164,2025-02-19 11:37:46.889074228,Laptop,Electronics,West,1,541.44,541.44,142.12
ORD00165,2025-02-19 18:54:56.747289408,Stapler,Office Supplies,East,5,639.38,3196.9,316.69
ORD00166,2025-02-20 02:12:06.605504587,Table,Furniture,East,5,207.87,1039.35,84.59
ORD00167,2025-02-20 09:29:16.463719766,Shoes,Clothing,West,1,503.65,503.65,146.5
ORD00168,2025-02-20 16:46:26.321934946,Stapler,Office Supplies,North,5,461.68,2308.4,177.77
ORD00169,2025-02-21 00:03:36.180150125,Laptop,Electronics,West,1,667.94,667.94,113.3
ORD00170,2025-02-21 07:20:46.038365304,T-Shirt,Clothing,North,4,725.81,2903.24,570.17
ORD00171,2025-02-21 14:37:55.896580484,Smartphone,Electronics,South,3,19.6,58.8,10.9
ORD00172,2025-02-21 21:55:05.754795663,Laptop,Electronics,North,1,542.48,542.48,38.79
ORD00173,2025-02-22 05:12:15.613010842,Table,Furniture,North,2,50.95,101.9,6.55
ORD00174,2025-02-22 12:29:25.471226022,Jeans,Clothing,South,1,443.6,443.6,33.88
ORD00175,2025-02-22 19:46:35.329441201,Jeans,Clothing,North,5,237.23,1186.15,232.96
ORD00176,2025-02-23 03:03:45.187656380,Desk,Furniture,West,7,252.35,1766.45,328.71
ORD00177,2025-02-23 10:20:55.045871560,Stapler,Office Supplies,North,7,288.84,2021.88,219.24
ORD00178,2025-02-23 17:38:04.904086739,Headphones,Electronics,South,4,500.82,2003.28,419.57
ORD00179,2025-02-24 00:55:14.762301918,Makeup,Beauty,West,6,273.9,1643.4,419.09
ORD00180,2025-02-24 08:12:24.620517098,Laptop,Electronics,South,4,588.83,2355.32,142.25
ORD00181,2025-02-24 15:29:34.478732277,Laptop,Electronics,South,6,329.58,1977.48,345.13
ORD00182,2025-02-24 22:46:44.336947456,Stapler,Office Supplies,East,7,64.0,448.0,99.6
ORD00183,2025-02-25 06:03:54.195162636,Monitor,Electronics,East,7,629.17,4404.19,498.02
ORD00184,2025-02-25 13:21:04.053377815,Desk,Furniture,South,1,235.75,235.75,29.93
ORD00185,2025-02-25 20:38:13.911592994,Table,Furniture,South,3,351.89,1055.67,214.73
ORD00186,2025-02-26 03:55:23.769808174,Jeans,Clothing,South,2,551.5,1103.0,302.76
ORD00187,2025-02-26 11:12:33.628023353,Skincare,Beauty,East,4,272.64,1090.56,275.35
ORD00188,2025-02-26 18:29:43.486238532,Smartphone,Electronics,East,5,54.7,273.5,53.55
ORD00189,2025-02-27 01:46:53.344453711,Monitor,Electronics,North,6,305.4,1832.4,426.13
ORD00190,2025-02-27 09:04:03.202668891,Notebook,Office Supplies,North,5,756.11,3780.55,533.83
ORD00191,2025-02-27 16:21:13.060884070,Bookshelf,Furniture,South,3,516.97,1550.91,326.07
ORD00192,2025-02-27 23:38:22.919099249,Perfume,Beauty,West,6,540.47,3242.82,540.08
ORD00193,2025-02-28 06:55:32.777314429,T-Shirt,Clothing,West,4,509.5,2038.0,198.67
ORD00194,2025-02-28 14:12:42.635529608,Desk,Furniture,East,1,167.2,167.2,37.69
ORD00195,2025-02-28 21:29:52.493744787,T-Shirt,Clothing,East,5,340.48,1702.4,321.95
ORD00196,2025-03-01 04:47:02.351959967,Notebook,Office Supplies,East,3,603.24,1809.72,252.74
ORD00197,2025-03-01 12:04:12.210175146,Printer,Office Supplies,South,4,90.08,360.32,100.11
ORD00198,2025-03-01 19:21:22.068390325,Headphones,Electronics,West,7,229.5,1606.5,88.73
ORD00199,2025-03-02 02:38:31.926605505,Skincare,Beauty,North,7,228.29,1598.03,206.06
ORD00200,2025-03-02 09:55:41.784820684,T-Shirt,Clothing,South,4,351.29,1405.16,90.24
ORD00201,2025-03-02 17:12:51.643035863,Chair,Furniture,North,4,784.49,3137.96,758.23
ORD00202,2025-03-03 00:30:01.501251043,Pen Set,Office Supplies,North,4,63.33,253.32,57.13
ORD00203,2025-03-03 07:47:11.359466222,Headphones,Electronics,South,6,419.77,2518.62,334.57
ORD00204,2025-03-03 15:04:21.217681401,Monitor,Electronics,North,4,151.7,606.8,132.84
ORD00205,2025-03-03 22:21:31.075896581,Jeans,Clothing,West,5,776.83,3884.15,578.68
ORD00206,2025-03-04 05:38:40.934111760,Pen Set,Office Supplies,North,3,99.51,298.53,71.37
ORD00207,2025-03-04 12:55:50.792326939,Perfume,Beauty,West,6,328.84,1973.04,322.68
ORD00208,2025-03-04 20:13:00.650542118,Stapler,Office Supplies,West,4,592.93,2371.72,363.04
ORD00209,2025-03-05 03:30:10.508757298,Jeans,Clothing,West,2,566.6,1133.2,321.47
ORD00210,2025-03-05 10:47:20.366972477,Jacket,Clothing,East,2,343.96,687.92,77.54
ORD00211,2025-03-05 18:04:30.225187656,Printer,Office Supplies,North,3,283.75,851.25,68.2
ORD00212,2025-03-06 01:21:40.083402836,Jacket,Clothing,South,7,324.11,2268.77,444.99
ORD00213,2025-03-06 08:38:49.941618015,Printer,Office Supplies,South,1,218.78,218.78,63.96
ORD00214,2025-03-06 15:55:59.799833194,Bookshelf,Furniture,North,1,172.21,172.21,24.88
ORD00215,2025-03-06 23:13:09.658048374,Pen Set,Office Supplies,East,7,391.6,2741.2,179.57
ORD00216,2025-03-07 06:30:19.516263553,Printer,Office Supplies,East,6,222.14,1332.84,179.7
ORD00217,2025-03-07 13:47:29.374478732,Shoes,Clothing,West,6,237.09,1422.54,251.05
ORD00218,2025-03-07 21:04:39.232693912,T-Shirt,Clothing,North,6,528.84,3173.04,287.1
ORD00219,2025-03-08 04:21:49.090909091,Monitor,Electronics,North,1,775.14,775.14,166.29
ORD00220,2025-03-08 11:38:58.949124270,Smartphone,Electronics,South,2,486.87,973.74,291.57
ORD00221,2025-03-08 18:56:08.807339450,Table,Furniture,North,1,70.81,70.81,11.54
ORD00222,2025-03-09 02:13:18.665554629,Headphones,Electronics,East,5,69.71,348.55,48.34
ORD00223,2025-03-09 09:30:28.523769808,Notebook,Office Supplies,North,4,761.62,3046.48,457.51
ORD00224,2025-03-09 16:47:38.381984988,Jeans,Clothing,South,6,244.86,1469.16,115.75
ORD00225,2025-03-10 00:04:48.240200167,Smartphone,Electronics,West,2,82.73,165.46,44.81
ORD00226,2025-03-10 07:21:58.098415346,Smartphone,Electronics,South,3,483.25,1449.75,222.84
ORD00227,2025-03-10 14:39:07.956630526,Chair,Furniture,South,3,502.68,1508.04,221.41
ORD00228,2025-03-10 21:56:17.814845705,Bookshelf,Furniture,West,4,522.32,2089.28,449.03
ORD00229,2025-03-11 05:13:27.673060884,Printer,Office Supplies,South,2,221.25,442.5,71.02
ORD00230,2025-03-11 12:30:37.531276063,Shoes,Clothing,South,1,21.94,21.94,4.65
ORD00231,2025-03-11 19:47:47.389491243,Desk,Furniture,North,1,772.36,772.36,50.48
ORD00232,2025-03-12 03:04:57.247706422,Smartphone,Electronics,North,5,208.21,1041.05,263.83
ORD00233,2025-03-12 10:22:07.105921601,Jeans,Clothing,West,5,544.06,2720.3,775.63
ORD00234,2025-03-12 17:39:16.964136781,Jeans,Clothing,North,1,568.24,568.24,120.58
ORD00235,2025-03-13 00:56:26.822351960,Headphones,Electronics,North,3,491.91,1475.73,425.96
ORD00236,2025-03-13 08:13:36.680567139,Table,Furniture,South,6,257.2,1543.2,135.58
ORD00237,2025-03-13 15:30:46.538782319,Headphones,Electronics,East,3,224.17,672.51,113.89
ORD00238,2025-03-13 22:47:56.396997498,Shoes,Clothing,North,5,482.16,2410.8,483.25
ORD00239,2025-03-14 06:05:06.255212677,Perfume,Beauty,East,4,694.22,2776.88,542.7
ORD00240,2025-03-14 13:22:16.113427857,Skincare,Beauty,North,1,757.92,757.92,113.96
ORD00241,2025-03-14 20:39:25.971643036,Pen Set,Office Supplies,North,5,93.67,468.35,63.0
ORD00242,2025-03-15 03:56:35.829858215,Laptop,Electronics,West,5,132.31,661.55,54.05
ORD00243,2025-03-15 11:13:45.688073395,Headphones,Electronics,West,6,756.34,4538.04,671.34
ORD00244,2025-03-15 18:30:55.546288574,Printer,Office Supplies,West,1,591.86,591.86,53.66
ORD00245,2025-03-16 01:48:05.404503753,Pen Set,Office Supplies,East,6,707.57,4245.42,991.69
ORD00246,2025-03-16 09:05:15.262718933,Printer,Office Supplies,South,1,170.08,170.08,17.38
ORD00247,2025-03-16 16:22:25.120934112,Jacket,Clothing,North,6,474.19,2845.14,183.91
ORD00248,2025-03-16 23:39:34.979149291,Smartphone,Electronics,North,3,563.9,1691.7,318.19
ORD00249,2025-03-17 06:56:44.837364470,Jeans,Clothing,North,4,547.29,2189.16,435.22
ORD00250,2025-03-17 14:13:54.695579650,Stapler,Office Supplies,East,4,332.44,1329.76,356.35
ORD00251,2025-03-17 21:31:04.553794829,Smartphone,Electronics,West,1,22.16,22.16,4.3
ORD00252,2025-03-18 04:48:14.412010008,Shoes,Clothing,South,2,470.51,941.02,128.33
ORD00253,2025-03-18 12:05:24.270225188,Jeans,Clothing,East,7,209.95,1469.65,368.52
ORD00254,2025-03-18 19:22:34.128440367,Notebook,Office Supplies,West,5,365.7,1828.5,338.4
ORD00255,2025-03-19 02:39:43.986655546,Smartphone,Electronics,East,5,766.49,3832.45,267.58
ORD00256,2025-03-19 09:56:53.844870726,Notebook,Office Supplies,South,1,325.24,325.24,62.27
ORD00257,2025-03-19 17:14:03.703085905,Laptop,Electronics,West,6,673.44,4040.64,1119.28
ORD00258,2025-03-20 00:31:13.561301084,Perfume,Beauty,East,2,158.95,317.9,47.39
ORD00259,2025-03-20 07:48:23.419516264,Chair,Furniture,South,3,541.24,1623.72,201.47
ORD00260,2025-03-20 15:05:33.277731443,Table,Furniture,North,6,781.84,4691.04,402.81
ORD00261,2025-03-20 22:22:43.135946622,Bookshelf,Furniture,South,6,90.5,543.0,47.71
ORD00262,2025-03-21 05:39:52.994161802,Printer,Office Supplies,North,1,16.57,16.57,2.62
ORD00263,2025-03-21 12:57:02.852376981,Skincare,Beauty,East,1,352.53,352.53,70.13
ORD00264,2025-03-21 20:14:12.710592160,Smartphone,Electronics,West,5,83.17,415.85,29.17
ORD00265,2025-03-22 03:31:22.568807340,Shoes,Clothing,West,1,601.22,601.22,171.28
ORD00266,2025-03-22 10:48:32.427022519,Smartphone,Electronics,East,1,732.49,732.49,174.91
ORD00267,2025-03-22 18:05:42.285237698,Jeans,Clothing,West,1,352.88,352.88,69.4
ORD00268,2025-03-23 01:22:52.143452877,Laptop,Electronics,West,5,214.38,1071.9,275.6
ORD00269,2025-03-23 08:40:02.001668057,Makeup,Beauty,North,3,353.18,1059.54,74.22
ORD00270,2025-03-23 15:57:11.859883236,Jacket,Clothing,East,3,581.52,1744.56,295.2
ORD00271,2025-03-23 23:14:21.718098415,Pen Set,Office Supplies,South,7,17.15,120.05,24.91
ORD00272,2025-03-24 06:31:31.576313595,Laptop,Electronics,North,7,475.67,3329.69,856.27
ORD00273,2025-03-24 13:48:41.434528774,Smartphone,Electronics,East,1,494.5,494.5,121.58
ORD00274,2025-03-24 21:05:51.292743953,T-Shirt,Clothing,North,7,513.77,3596.39,428.93
ORD00275,2025-03-25 04:23:01.150959133,Notebook,Office Supplies,South,5,201.2,1006.0,286.93
ORD00276,2025-03-25 11:40:11.009174312,Notebook,Office Supplies,South,3,574.1,1722.3,139.66
ORD00277,2025-03-25 18:57:20.867389491,Perfume,Beauty,East,6,82.2,493.2,132.56
ORD00278,2025-03-26 02:14:30.725604671,Stapler,Office Supplies,South,3,167.42,502.26,147.03
ORD00279,2025-03-26 09:31:40.583819850,Notebook,Office Supplies,North,3,703.2,2109.6,198.91
ORD00280,2025-03-26 16:48:50.442035029,Printer,Office Supplies,South,5,593.59,2967.95,684.16
ORD00281,2025-03-27 00:06:00.300250209,Table,Furniture,North,7,20.86,146.02,8.77
ORD00282,2025-03-27 07:23:10.158465388,Skincare,Beauty,North,6,206.22,1237.32,187.28
ORD00283,2025-03-27 14:40:20.016680567,Headphones,Electronics,South,5,179.38,896.9,160.61
ORD00284,2025-03-27 21:57:29.874895747,Shoes,Clothing,East,1,223.94,223.94,43.7
ORD00285,2025-03-28 05:14:39.733110926,Laptop,Electronics,West,4,205.57,822.28,233.51
ORD00286,2025-03-28 12:31:49.591326105,Makeup,Beauty,South,3,59.4,178.2,38.86
ORD00287,2025-03-28 19:48:59.449541284,Shoes,Clothing,North,4,372.56,1490.24,253.82
ORD00288,2025-03-29 03:06:09.307756464,Makeup,Beauty,North,5,588.86,2944.3,743.2
ORD00289,2025-03-29 10:23:19.165971643,Stapler,Office Supplies,South,5,489.32,2446.6,703.72
ORD00290,2025-03-29 17:40:29.024186822,Shoes,Clothing,East,5,541.57,2707.85,150.33
ORD00291,2025-03-30 00:57:38.882402002,Stapler,Office Supplies,East,4,74.11,296.44,87.64
ORD00292,2025-03-30 08:14:48.740617181,Laptop,Electronics,North,5,761.68,3808.4,272.43
ORD00293,2025-03-30 15:31:58.598832360,Headphones,Electronics,North,1,672.41,672.41,170.52
ORD00294,2025-03-30 22:49:08.457047540,Jeans,Clothing,East,5,646.02,3230.1,387.88
ORD00295,2025-03-31 06:06:18.315262719,Shoes,Clothing,West,2,660.16,1320.32,109.65
ORD00296,2025-03-31 13:23:28.173477898,Perfume,Beauty,South,7,746.84,5227.88,836.27
ORD00297,2025-03-31 20:40:38.031693078,Skincare,Beauty,North,4,439.96,1759.84,371.31
ORD00298,2025-04-01 03:57:47.889908257,Stapler,Office Supplies,North,2,168.22,336.44,48.86
ORD00299,2025-04-01 11:14:57.748123436,Jacket,Clothing,East,5,497.26,2486.3,158.23
ORD00300,2025-04-01 18:32:07.606338616,Smartphone,Electronics,South,1,596.88,596.88,119.3
ORD00301,2025-04-02 01:49:17.464553795,Makeup,Beauty,East,3,592.95,1778.85,490.25
ORD00302,2025-04-02 09:06:27.322768974,Skincare,Beauty,South,6,421.94,2531.64,369.12
ORD00303,2025-04-02 16:23:37.180984154,Headphones,Electronics,South,7,64.08,448.56,46.69
ORD00304,2025-04-02 23:40:47.039199333,Perfume,Beauty,South,6,303.18,1819.08,292.22
ORD00305,2025-04-03 06:57:56.897414512,Printer,Office Supplies,North,5,737.41,3687.05,228.93
ORD00306,2025-04-03 14:15:06.755629692,Shoes,Clothing,West,7,471.71,3301.97,842.4
ORD00307,2025-04-03 21:32:16.613844871,Headphones,Electronics,East,7,435.28,3046.96,781.8
ORD00308,2025-04-04 04:49:26.472060050,Jacket,Clothing,West,1,222.39,222.39,43.81
ORD00309,2025-04-04 12:06:36.330275229,Hair Care,Beauty,East,7,301.07,2107.49,291.41
ORD00310,2025-04-04 19:23:46.188490409,Hair Care,Beauty,South,4,717.32,2869.28,717.16
ORD00311,2025-04-05 02:40:56.046705588,Laptop,Electronics,North,2,536.51,1073.02,202.45
ORD00312,2025-04-05 09:58:05.904920767,Pen Set,Office Supplies,West,2,632.04,1264.08,324.22
ORD00313,2025-04-05 17:15:15.763135947,Desk,Furniture,North,2,368.93,737.86,153.38
ORD00314,2025-04-06 00:32:25.621351126,Smartphone,Electronics,East,4,507.9,2031.6,499.98
ORD00315,2025-04-06 07:49:35.479566305,Chair,Furniture,North,6,206.22,1237.32,247.02
ORD00316,2025-04-06 15:06:45.337781485,Desk,Furniture,North,1,567.31,567.31,87.1
ORD00317,2025-04-06 22:23:55.195996664,Printer,Office Supplies,West,7,347.81,2434.67,704.8
ORD00318,2025-04-07 05:41:05.054211843,Bookshelf,Furniture,South,4,359.61,1438.44,266.51
ORD00319,2025-04-07 12:58:14.912427023,Desk,Furniture,North,2,522.96,1045.92,210.51
ORD00320,2025-04-07 20:15:24.770642202,Notebook,Office Supplies,South,5,749.66,3748.3,394.03
ORD00321,2025-04-08 03:32:34.628857381,Bookshelf,Furniture,East,3,60.57,181.71,37.51
ORD00322,2025-04-08 10:49:44.487072561,Table,Furniture,North,7,661.55,4630.85,893.3
ORD00323,2025-04-08 18:06:54.345287740,Bookshelf,Furniture,West,4,240.98,963.92,92.74
ORD00324,2025-04-09 01:24:04.203502919,Laptop,Electronics,East,4,360.7,1442.8,93.63
ORD00325,2025-04-09 08:41:14.061718099,Headphones,Electronics,East,1,27.31,27.31,5.49
ORD00326,2025-04-09 15:58:23.919933278,Headphones,Electronics,West,1,247.83,247.83,59.71
ORD00327,2025-04-09 23:15:33.778148457,Notebook,Office Supplies,North,4,407.08,1628.32,294.48
ORD00328,2025-04-10 06:32:43.636363636,Hair Care,Beauty,North,2,54.38,108.76,11.6
ORD00329,2025-04-10 13:49:53.494578816,Chair,Furniture,East,3,397.97,1193.91,258.64
ORD00330,2025-04-10 21:07:03.352793995,Chair,Furniture,North,7,742.42,5196.94,363.92
ORD00331,2025-04-11 04:24:13.211009174,Stapler,Office Supplies,South,1,93.26,93.26,14.96
ORD00332,2025-04-11 11:41:23.069224354,Desk,Furniture,West,7,613.91,4297.37,390.38
ORD00333,2025-04-11 18:58:32.927439533,Smartphone,Electronics,South,2,333.64,667.28,64.14
ORD00334,2025-04-12 02:15:42.785654712,Hair Care,Beauty,North,7,527.59,3693.13,371.43
ORD00335,2025-04-12 09:32:52.643869892,Jacket,Clothing,East,5,215.59,1077.95,158.11
ORD00336,2025-04-12 16:50:02.502085071,Table,Furniture,West,1,136.0,136.0,8.54
ORD00337,2025-04-13 00:07:12.360300250,Monitor,Electronics,North,2,136.77,273.54,40.88
ORD00338,2025-04-13 07:24:22.218515430,Shoes,Clothing,North,2,65.69,131.38,23.38
ORD00339,2025-04-13 14:41:32.076730609,Skincare,Beauty,East,3,156.66,469.98,80.28
ORD00340,2025-04-13 21:58:41.934945788,Shoes,Clothing,East,3,534.73,1604.19,233.72
ORD00341,2025-04-14 05:15:51.793160968,Monitor,Electronics,South,5,706.54,3532.7,917.75
ORD00342,2025-04-14 12:33:01.651376147,Jacket,Clothing,West,2,653.16,1306.32,112.78
ORD00343,2025-04-14 19:50:11.509591326,Stapler,Office Supplies,West,6,551.26,3307.56,583.53
ORD00344,2025-04-15 03:07:21.367806506,T-Shirt,Clothing,East,2,97.24,194.48,12.74
ORD00345,2025-04-15 10:24:31.226021684,Chair,Furniture,South,3,238.46,715.38,48.49
ORD00346,2025-04-15 17:41:41.084236864,Bookshelf,Furniture,West,6,254.75,1528.5,295.71
ORD00347,2025-04-16 00:58:50.942452044,Stapler,Office Supplies,East,1,207.47,207.47,39.73
ORD00348,2025-04-16 08:16:00.800667222,Monitor,Electronics,North,1,416.85,416.85,112.34
ORD00349,2025-04-16 15:33:10.658882402,Chair,Furniture,West,7,433.09,3031.63,574.4
ORD00350,2025-04-16 22:50:20.517097582,Makeup,Beauty,South,4,291.94,1167.76,338.59
ORD00351,2025-04-17 06:07:30.375312760,Table,Furniture,South,3,289.49,868.47,54.0
ORD00352,2025-04-17 13:24:40.233527940,Table,Furniture,South,4,664.56,2658.24,198.04
ORD00353,2025-04-17 20:41:50.091743120,Smartphone,Electronics,North,6,633.54,3801.24,231.94
ORD00354,2025-04-18 03:58:59.949958298,Jacket,Clothing,West,3,253.16,759.48,73.15
ORD00355,2025-04-18 11:16:09.808173478,Desk,Furniture,West,5,731.89,3659.45,678.16
ORD00356,2025-04-18 18:33:19.666388658,Pen Set,Office Supplies,North,2,762.72,1525.44,322.47
ORD00357,2025-04-19 01:50:29.524603836,T-Shirt,Clothing,West,5,268.13,1340.65,82.31
ORD00358,2025-04-19 09:07:39.382819016,Makeup,Beauty,North,6,290.0,1740.0,498.5
ORD00359,2025-04-19 16:24:49.241034196,Headphones,Electronics,North,3,409.45,1228.35,320.04
ORD00360,2025-04-19 23:41:59.099249374,Perfume,Beauty,North,6,753.49,4520.94,561.29
ORD00361,2025-04-20 06:59:08.957464554,Shoes,Clothing,South,2,702.29,1404.58,97.33
ORD00362,2025-04-20 14:16:18.815679734,T-Shirt,Clothing,West,1,91.03,91.03,8.42
ORD00363,2025-04-20 21:33:28.673894912,Jacket,Clothing,North,1,320.26,320.26,26.18
ORD00364,2025-04-21 04:50:38.532110092,Hair Care,Beauty,West,6,447.16,2682.96,216.84
ORD00365,2025-04-21 12:07:48.390325272,Jacket,Clothing,South,4,407.47,1629.88,292.79
ORD00366,2025-04-21 19:24:58.248540450,Makeup,Beauty,North,3,163.15,489.45,54.56
ORD00367,2025-04-22 02:42:08.106755630,Jeans,Clothing,East,3,688.47,2065.41,288.2
ORD00368,2025-04-22 09:59:17.964970810,Printer,Office Supplies,South,1,544.78,544.78,162.0
ORD00369,2025-04-22 17:16:27.823185988,Jacket,Clothing,East,7,671.95,4703.65,1039.88
ORD00370,2025-04-23 00:33:37.681401168,Skincare,Beauty,West,5,688.42,3442.1,988.73
ORD00371,2025-04-23 07:50:47.539616348,Chair,Furniture,West,7,601.2,4208.4,360.4
ORD00372,2025-04-23 15:07:57.397831526,Jeans,Clothing,South,2,356.98,713.96,103.91
ORD00373,2025-04-23 22:25:07.256046706,Chair,Furniture,West,5,492.33,2461.65,464.47
ORD00374,2025-04-24 05:42:17.114261886,Printer,Office Supplies,East,5,136.69,683.45,47.29
ORD00375,2025-04-24 12:59:26.972477064,Headphones,Electronics,North,6,542.18,3253.08,166.06
ORD00376,2025-04-24 20:16:36.830692244,Printer,Office Supplies,North,1,151.61,151.61,32.99
ORD00377,2025-04-25 03:33:46.688907422,Jeans,Clothing,North,7,558.22,3907.54,822.36
ORD00378,2025-04-25 10:50:56.547122602,Bookshelf,Furniture,South,7,191.38,1339.66,204.56
ORD00379,2025-04-25 18:08:06.405337782,Chair,Furniture,West,1,102.87,102.87,17.74
ORD00380,2025-04-26 01:25:16.263552960,Perfume,Beauty,East,7,140.57,983.99,151.4
ORD00381,2025-04-26 08:42:26.121768140,Desk,Furniture,West,1,11.57,11.57,0.65
ORD00382,2025-04-26 15:59:35.979983320,Hair Care,Beauty,West,6,577.8,3466.8,464.01
ORD00383,2025-04-26 23:16:45.838198498,Laptop,Electronics,West,4,588.6,2354.4,221.95
ORD00384,2025-04-27 06:33:55.696413678,Jeans,Clothing,North,5,416.8,2084.0,155.48
ORD00385,2025-04-27 13:51:05.554628858,Hair Care,Beauty,East,6,137.48,824.88,238.54
ORD00386,2025-04-27 21:08:15.412844036,Smartphone,Electronics,East,3,76.01,228.03,45.57
ORD00387,2025-04-28 04:25:25.271059216,Table,Furniture,West,2,25.11,50.22,11.66
ORD00388,2025-04-28 11:42:35.129274396,Bookshelf,Furniture,North,4,140.94,563.76,72.64
ORD00389,2025-04-28 18:59:44.987489574,Laptop,Electronics,North,3,713.78,2141.34,317.53
ORD00390,2025-04-29 02:16:54.845704754,Chair,Furniture,East,5,200.81,1004.05,109.67
ORD00391,2025-04-29 09:34:04.703919934,Laptop,Electronics,North,7,289.87,2029.09,150.64
ORD00392,2025-04-29 16:51:14.562135112,Skincare,Beauty,North,1,93.22,93.22,8.83
ORD00393,2025-04-30 00:08:24.420350292,Perfume,Beauty,North,5,185.67,928.35,231.51
ORD00394,2025-04-30 07:25:34.278565472,Smartphone,Electronics,South,6,420.19,2521.14,553.1
ORD00395,2025-04-30 14:42:44.136780650,Skincare,Beauty,West,2,490.12,980.24,183.04
ORD00396,2025-04-30 21:59:53.994995830,Skincare,Beauty,East,6,203.83,1222.98,206.41
ORD00397,2025-05-01 05:17:03.853211010,Skincare,Beauty,East,4,55.61,222.44,62.42
ORD00398,2025-05-01 12:34:13.711426188,Printer,Office Supplies,South,4,318.92,1275.68,86.98
ORD00399,2025-05-01 19:51:23.569641368,T-Shirt,Clothing,West,2,195.02,390.04,46.86
ORD00400,2025-05-02 03:08:33.427856548,Chair,Furniture,East,3,183.45,550.35,75.66
ORD00401,2025-05-02 10:25:43.286071726,Stapler,Office Supplies,North,3,768.29,2304.87,566.09
ORD00402,2025-05-02 17:42:53.144286906,Makeup,Beauty,East,4,496.88,1987.52,592.54
ORD00403,2025-05-03 01:00:03.002502086,Laptop,Electronics,North,4,449.93,1799.72,198.27
ORD00404,2025-05-03 08:17:12.860717264,Hair Care,Beauty,South,7,338.46,2369.22,636.32
ORD00405,2025-05-03 15:34:22.718932444,T-Shirt,Clothing,North,1,348.87,348.87,89.89
ORD00406,2025-05-03 22:51:32.577147624,Makeup,Beauty,East,7,437.31,3061.17,324.99
ORD00407,2025-05-04 06:08:42.435362802,Headphones,Electronics,East,7,560.18,3921.26,587.53
ORD00408,2025-05-04 13:25:52.293577982,Jacket,Clothing,East,3,564.7,1694.1,258.21
ORD00409,2025-05-04 20:43:02.151793162,Skincare,Beauty,South,2,145.64,291.28,85.8
ORD00410,2025-05-05 04:00:12.010008340,Shoes,Clothing,South,3,405.09,1215.27,115.72
ORD00411,2025-05-05 11:17:21.868223520,Table,Furniture,West,1,335.45,335.45,83.79
ORD00412,2025-05-05 18:34:31.726438700,Bookshelf,Furniture,East,6,697.72,4186.32,559.08
ORD00413,2025-05-06 01:51:41.584653878,Skincare,Beauty,North,4,508.82,2035.28,473.65
ORD00414,2025-05-06 09:08:51.442869058,Jeans,Clothing,South,4,430.68,1722.72,267.03
ORD00415,2025-05-06 16:26:01.301084236,Smartphone,Electronics,East,1,101.16,101.16,19.68
ORD00416,2025-05-06 23:43:11.159299416,Makeup,Beauty,East,7,488.45,3419.15,882.66
ORD00417,2025-05-07 07:00:21.017514596,Desk,Furniture,South,2,102.59,205.18,51.51
ORD00418,2025-05-07 14:17:30.875729774,Table,Furniture,West,4,276.39,1105.56,294.75
ORD00419,2025-05-07 21:34:40.733944954,Makeup,Beauty,South,5,122.85,614.25,39.87
ORD00420,2025-05-08 04:51:50.592160134,Shoes,Clothing,South,7,556.74,3897.18,869.12
ORD00421,2025-05-08 12:09:00.450375312,Desk,Furniture,North,4,172.94,691.76,58.8
ORD00422,2025-05-08 19:26:10.308590492,Shoes,Clothing,North,5,319.57,1597.85,246.0
ORD00423,2025-05-09 02:43:20.166805672,Bookshelf,Furniture,West,1,717.58,717.58,134.29
ORD00424,2025-05-09 10:00:30.025020850,Chair,Furniture,East,1,171.41,171.41,25.83
ORD00425,2025-05-09 17:17:39.883236030,Notebook,Office Supplies,South,7,411.17,2878.19,517.79
ORD00426,2025-05-10 00:34:49.741451210,Table,Furniture,West,4,341.22,1364.88,408.28
ORD00427,2025-05-10 07:51:59.599666388,Laptop,Electronics,North,3,24.32,72.96,6.11
ORD00428,2025-05-10 15:09:09.457881568,Perfume,Beauty,South,5,636.28,3181.4,696.29
ORD00429,2025-05-10 22:26:19.316096748,Perfume,Beauty,East,2,64.55,129.1,19.24
ORD00430,2025-05-11 05:43:29.174311926,T-Shirt,Clothing,North,4,384.66,1538.64,128.1
ORD00431,2025-05-11 13:00:39.032527106,Desk,Furniture,North,2,452.94,905.88,81.24
ORD00432,2025-05-11 20:17:48.890742286,Laptop,Electronics,North,4,506.46,2025.84,582.06
ORD00433,2025-05-12 03:34:58.748957464,T-Shirt,Clothing,West,3,554.02,1662.06,448.59
ORD00434,2025-05-12 10:52:08.607172644,Notebook,Office Supplies,East,3,210.09,630.27,174.43
ORD00435,2025-05-12 18:09:18.465387824,Shoes,Clothing,South,7,17.88,125.16,37.28
ORD00436,2025-05-13 01:26:28.323603002,T-Shirt,Clothing,West,7,581.52,4070.64,415.53
ORD00437,2025-05-13 08:43:38.181818182,Table,Furniture,West,3,433.17,1299.51,180.45
ORD00438,2025-05-13 16:00:48.040033362,Notebook,Office Supplies,West,6,670.53,4023.18,874.26
ORD00439,2025-05-13 23:17:57.898248540,T-Shirt,Clothing,North,3,658.9,1976.7,337.92
ORD00440,2025-05-14 06:35:07.756463720,Laptop,Electronics,East,1,676.23,676.23,104.54
ORD00441,2025-05-14 13:52:17.614678900,Smartphone,Electronics,West,1,393.22,393.22,54.84
ORD00442,2025-05-14 21:09:27.472894078,Makeup,Beauty,South,6,273.57,1641.42,325.73
ORD00443,2025-05-15 04:26:37.331109258,Stapler,Office Supplies,East,5,635.33,3176.65,615.95
ORD00444,2025-05-15 11:43:47.189324438,Notebook,Office Supplies,South,2,366.52,733.04,66.24
ORD00445,2025-05-15 19:00:57.047539616,Skincare,Beauty,East,4,154.92,619.68,104.07
ORD00446,2025-05-16 02:18:06.905754796,Jeans,Clothing,South,4,685.43,2741.72,516.45
ORD00447,2025-05-16 09:35:16.763969976,Printer,Office Supplies,North,6,707.22,4243.32,817.14
ORD00448,2025-05-16 16:52:26.622185154,Smartphone,Electronics,West,1,378.38,378.38,38.79
ORD00449,2025-05-17 00:09:36.480400334,Monitor,Electronics,South,7,69.8,488.6,115.1
ORD00450,2025-05-17 07:26:46.338615514,Table,Furniture,East,4,316.38,1265.52,71.25
ORD00451,2025-05-17 14:43:56.196830692,Stapler,Office Supplies,West,1,644.79,644.79,89.44
ORD00452,2025-05-17 22:01:06.055045872,T-Shirt,Clothing,West,5,722.4,3612.0,885.13
ORD00453,2025-05-18 05:18:15.913261052,Makeup,Beauty,East,2,170.74,341.48,65.21
ORD00454,2025-05-18 12:35:25.771476230,Hair Care,Beauty,South,5,62.91,314.55,36.26
ORD00455,2025-05-18 19:52:35.629691410,Jacket,Clothing,North,6,703.11,4218.66,943.88
ORD00456,2025-05-19 03:09:45.487906588,Desk,Furniture,North,3,317.63,952.89,182.81
ORD00457,2025-05-19 10:26:55.346121768,Makeup,Beauty,South,3,437.99,1313.97,327.26
ORD00458,2025-05-19 17:44:05.204336948,Pen Set,Office Supplies,West,3,774.77,2324.31,543.32
ORD00459,2025-05-20 01:01:15.062552126,Desk,Furniture,West,5,62.59,312.95,63.38
ORD00460,2025-05-20 08:18:24.920767306,Stapler,Office Supplies,West,4,522.17,2088.68,359.35
ORD00461,2025-05-20 15:35:34.778982486,Laptop,Electronics,West,2,68.54,137.08,11.42
ORD00462,2025-05-20 22:52:44.637197664,Bookshelf,Furniture,South,3,306.62,919.86,106.09
ORD00463,2025-05-21 06:09:54.495412844,Skincare,Beauty,West,6,645.01,3870.06,598.99
ORD00464,2025-05-21 13:27:04.353628024,Table,Furniture,East,6,352.44,2114.64,422.56
ORD00465,2025-05-21 20:44:14.211843202,Bookshelf,Furniture,West,3,797.77,2393.31,427.03
ORD00466,2025-05-22 04:01:24.070058382,Table,Furniture,North,3,451.66,1354.98,165.37
ORD00467,2025-05-22 11:18:33.928273562,Chair,Furniture,West,2,263.72,527.44,27.22
ORD00468,2025-05-22 18:35:43.786488740,Pen Set,Office Supplies,South,3,183.89,551.67,96.02
ORD00469,2025-05-23 01:52:53.644703920,Laptop,Electronics,North,2,286.91,573.82,69.67
ORD00470,2025-05-23 09:10:03.502919100,Shoes,Clothing,South,6,304.3,1825.8,426.6
ORD00471,2025-05-23 16:27:13.361134278,Table,Furniture,South,3,64.28,192.84,10.8
ORD00472,2025-05-23 23:44:23.219349458,Skincare,Beauty,North,5,301.96,1509.8,296.23
ORD00473,2025-05-24 07:01:33.077564638,Bookshelf,Furniture,South,7,376.75,2637.25,752.59
ORD00474,2025-05-24 14:18:42.935779816,Skincare,Beauty,South,5,580.96,2904.8,271.9
ORD00475,2025-05-24 21:35:52.793994996,Stapler,Office Supplies,West,6,528.82,3172.92,532.77
ORD00476,2025-05-25 04:53:02.652210176,Skincare,Beauty,East,2,569.92,1139.84,83.04
ORD00477,2025-05-25 12:10:12.510425354,Shoes,Clothing,South,5,16.61,83.05,17.14
ORD00478,2025-05-25 19:27:22.368640534,Laptop,Electronics,South,2,181.96,363.92,68.28
ORD00479,2025-05-26 02:44:32.226855714,Hair Care,Beauty,South,5,532.73,2663.65,404.45
ORD00480,2025-05-26 10:01:42.085070892,Hair Care,Beauty,West,5,392.35,1961.75,353.79
ORD00481,2025-05-26 17:18:51.943286072,Laptop,Electronics,East,2,14.2,28.4,7.79
ORD00482,2025-05-27 00:36:01.801501252,T-Shirt,Clothing,North,4,645.55,2582.2,255.83
ORD00483,2025-05-27 07:53:11.659716430,Bookshelf,Furniture,West,5,620.52,3102.6,172.63
ORD00484,2025-05-27 15:10:21.517931610,Makeup,Beauty,West,3,443.25,1329.75,352.94
ORD00485,2025-05-27 22:27:31.376146790,Headphones,Electronics,East,7,62.51,437.57,85.01
ORD00486,2025-05-28 05:44:41.234361968,Stapler,Office Supplies,East,6,615.55,3693.3,1007.03
ORD00487,2025-05-28 13:01:51.092577148,Laptop,Electronics,West,4,471.13,1884.52,375.46
ORD00488,2025-05-28 20:19:00.950792328,Notebook,Office Supplies,North,2,627.75,1255.5,317.06
ORD00489,2025-05-29 03:36:10.809007506,Shoes,Clothing,West,4,603.88,2415.52,380.25
ORD00490,2025-05-29 10:53:20.667222686,Chair,Furniture,East,1,644.37,644.37,153.02
ORD00491,2025-05-29 18:10:30.525437866,Monitor,Electronics,North,1,419.23,419.23,116.66
ORD00492,2025-05-30 01:27:40.383653044,Perfume,Beauty,East,5,120.86,604.3,116.65
ORD00493,2025-05-30 08:44:50.241868224,Jacket,Clothing,North,5,540.21,2701.05,257.13
ORD00494,2025-05-30 16:02:00.100083402,Smartphone,Electronics,South,3,500.17,1500.51,175.86
ORD00495,2025-05-30 23:19:09.958298582,Makeup,Beauty,East,7,596.38,4174.66,416.05
ORD00496,2025-05-31 06:36:19.816513762,Headphones,Electronics,East,6,144.21,865.26,96.66
ORD00497,2025-05-31 13:53:29.674728940,Stapler,Office Supplies,West,4,164.03,656.12,83.07
ORD00498,2025-05-31 21:10:39.532944120,Headphones,Electronics,East,1,713.42,713.42,134.68
ORD00499,2025-06-01 04:27:49.391159300,Headphones,Electronics,East,5,602.48,3012.4,593.44
ORD00500,2025-06-01 11:44:59.249374478,Headphones,Electronics,South,6,727.5,4365.0,683.67
ORD00501,2025-06-01 19:02:09.107589658,Jacket,Clothing,East,4,609.39,2437.56,496.91
ORD00502,2025-06-02 02:19:18.965804838,Monitor,Electronics,South,5,481.75,2408.75,169.56
ORD00503,2025-06-02 09:36:28.824020016,Hair Care,Beauty,South,5,526.76,2633.8,189.49
ORD00504,2025-06-02 16:53:38.682235196,Pen Set,Office Supplies,South,1,712.41,712.41,66.22
ORD00505,2025-06-03 00:10:48.540450376,Printer,Office Supplies,South,1,467.26,467.26,83.88
ORD00506,2025-06-03 07:27:58.398665554,Laptop,Electronics,North,5,509.59,2547.95,263.71
ORD00507,2025-06-03 14:45:08.256880734,T-Shirt,Clothing,West,2,133.62,267.24,32.29
ORD00508,2025-06-03 22:02:18.115095914,Jeans,Clothing,North,5,384.4,1922.0,288.45
ORD00509,2025-06-04 05:19:27.973311092,Perfume,Beauty,East,6,575.95,3455.7,874.18
ORD00510,2025-06-04 12:36:37.831526272,Monitor,Electronics,North,5,224.04,1120.2,59.89
ORD00511,2025-06-04 19:53:47.689741452,Stapler,Office Supplies,North,3,169.78,509.34,108.16
ORD00512,2025-06-05 03:10:57.547956630,Shoes,Clothing,East,7,257.92,1805.44,392.18
ORD00513,2025-06-05 10:28:07.406171810,Smartphone,Electronics,East,3,200.79,602.37,150.39
ORD00514,2025-06-05 17:45:17.264386990,Jeans,Clothing,East,3,179.78,539.34,152.73
ORD00515,2025-06-06 01:02:27.122602168,Jacket,Clothing,North,2,345.63,691.26,38.04
ORD00516,2025-06-06 08:19:36.980817348,Stapler,Office Supplies,North,2,727.19,1454.38,128.63
ORD00517,2025-06-06 15:36:46.839032528,Table,Furniture,East,5,410.58,2052.9,557.45
ORD00518,2025-06-06 22:53:56.697247706,Makeup,Beauty,West,3,158.46,475.38,78.26
ORD00519,2025-06-07 06:11:06.555462886,Skincare,Beauty,West,2,70.81,141.62,27.07
ORD00520,2025-06-07 13:28:16.413678066,Pen Set,Office Supplies,South,1,559.96,559.96,120.82
ORD00521,2025-06-07 20:45:26.271893244,Shoes,Clothing,East,5,312.41,1562.05,343.29
ORD00522,2025-06-08 04:02:36.130108424,Monitor,Electronics,South,6,659.25,3955.5,1119.15
ORD00523,2025-06-08 11:19:45.988323604,Shoes,Clothing,West,7,531.01,3717.07,1112.29
ORD00524,2025-06-08 18:36:55.846538782,Notebook,Office Supplies,South,4,639.03,2556.12,588.01
ORD00525,2025-06-09 01:54:05.704753962,Skincare,Beauty,East,5,224.84,1124.2,136.93
ORD00526,2025-06-09 09:11:15.562969142,Jeans,Clothing,East,4,556.96,2227.84,601.38
ORD00527,2025-06-09 16:28:25.421184320,Hair Care,Beauty,East,3,218.61,655.83,40.86
ORD00528,2025-06-09 23:45:35.279399500,Smartphone,Electronics,North,7,751.86,5263.02,567.2
ORD00529,2025-06-10 07:02:45.137614680,Hair Care,Beauty,South,4,512.74,2050.96,562.67
ORD00530,2025-06-10 14:19:54.995829858,Skincare,Beauty,West,3,266.36,799.08,91.13
ORD00531,2025-06-10 21:37:04.854045038,Table,Furniture,West,1,222.91,222.91,23.44
ORD00532,2025-06-11 04:54:14.712260218,Desk,Furniture,West,4,160.83,643.32,54.38
ORD00533,2025-06-11 12:11:24.570475396,Table,Furniture,North,7,558.77,3911.39,1035.65
ORD00534,2025-06-11 19:28:34.428690576,Perfume,Beauty,North,5,182.79,913.95,159.95
ORD00535,2025-06-12 02:45:44.286905754,Notebook,Office Supplies,East,3,480.29,1440.87,315.15
ORD00536,2025-06-12 10:02:54.145120934,Skincare,Beauty,West,5,219.06,1095.3,120.23
ORD00537,2025-06-12 17:20:04.003336114,Notebook,Office Supplies,North,7,532.96,3730.72,893.55
ORD00538,2025-06-13 00:37:13.861551292,Printer,Office Supplies,East,2,653.8,1307.6,313.83
ORD00539,2025-06-13 07:54:23.719766472,Bookshelf,Furniture,West,3,624.64,1873.92,240.14
ORD00540,2025-06-13 15:11:33.577981652,Jeans,Clothing,South,4,611.07,2444.28,373.17
ORD00541,2025-06-13 22:28:43.436196830,Headphones,Electronics,East,3,158.3,474.9,48.64
ORD00542,2025-06-14 05:45:53.294412010,Desk,Furniture,North,5,79.82,399.1,117.39
ORD00543,2025-06-14 13:03:03.152627190,Desk,Furniture,North,1,562.17,562.17,118.84
ORD00544,2025-06-14 20:20:13.010842368,T-Shirt,Clothing,East,3,300.99,902.97,256.11
ORD00545,2025-06-15 03:37:22.869057548,Monitor,Electronics,East,4,351.55,1406.2,176.97
ORD00546,2025-06-15 10:54:32.727272728,Makeup,Beauty,North,2,34.61,69.22,16.99
ORD00547,2025-06-15 18:11:42.585487906,Hair Care,Beauty,South,6,215.07,1290.42,311.59
ORD00548,2025-06-16 01:28:52.443703086,Table,Furniture,West,1,36.6,36.6,8.16
ORD00549,2025-06-16 08:46:02.301918266,Smartphone,Electronics,South,2,704.56,1409.12,410.63
ORD00550,2025-06-16 16:03:12.160133444,Desk,Furniture,East,3,202.28,606.84,90.05
ORD00551,2025-06-16 23:20:22.018348624,Notebook,Office Supplies,South,5,450.3,2251.5,186.15
ORD00552,2025-06-17 06:37:31.876563804,Chair,Furniture,North,7,40.79,285.53,62.22
ORD00553,2025-06-17 13:54:41.734778982,Table,Furniture,East,5,536.81,2684.05,623.58
ORD00554,2025-06-17 21:11:51.592994162,Hair Care,Beauty,West,4,265.19,1060.76,205.54
ORD00555,2025-06-18 04:29:01.451209342,Makeup,Beauty,North,5,719.36,3596.8,365.81
ORD00556,2025-06-18 11:46:11.309424520,Makeup,Beauty,North,1,711.61,711.61,125.32
ORD00557,2025-06-18 19:03:21.167639700,Stapler,Office Supplies,West,5,266.98,1334.9,170.93
ORD00558,2025-06-19 02:20:31.025854880,Makeup,Beauty,West,4,721.76,2887.04,452.88
ORD00559,2025-06-19 09:37:40.884070058,Smartphone,Electronics,South,6,796.96,4781.76,1010.41
ORD00560,2025-06-19 16:54:50.742285238,Jacket,Clothing,East,3,662.08,1986.24,469.36
ORD00561,2025-06-20 00:12:00.600500418,Smartphone,Electronics,West,7,677.45,4742.15,512.42
ORD00562,2025-06-20 07:29:10.458715596,Headphones,Electronics,West,3,206.72,620.16,93.85
ORD00563,2025-06-20 14:46:20.316930776,Skincare,Beauty,East,5,465.59,2327.95,273.05
ORD00564,2025-06-20 22:03:30.175145956,Shoes,Clothing,West,2,63.13,126.26,12.58
ORD00565,2025-06-21 05:20:40.033361134,Jeans,Clothing,West,3,84.99,254.97,62.68
ORD00566,2025-06-21 12:37:49.891576314,Jacket,Clothing,South,6,799.13,4794.78,1329.66
ORD00567,2025-06-21 19:54:59.749791494,Notebook,Office Supplies,North,5,268.05,1340.25,191.06
ORD00568,2025-06-22 03:12:09.608006672,Skincare,Beauty,North,7,601.07,4207.49,1000.62
ORD00569,2025-06-22 10:29:19.466221852,Shoes,Clothing,North,4,647.27,2589.08,710.05
ORD00570,2025-06-22 17:46:29.324437032,Pen Set,Office Supplies,North,6,687.84,4127.04,1079.35
ORD00571,2025-06-23 01:03:39.182652210,Desk,Furniture,West,5,798.13,3990.65,381.92
ORD00572,2025-06-23 08:20:49.040867390,Table,Furniture,East,6,200.78,1204.68,348.24
ORD00573,2025-06-23 15:37:58.899082568,Printer,Office Supplies,East,3,41.88,125.64,18.11
ORD00574,2025-06-23 22:55:08.757297748,Notebook,Office Supplies,South,7,334.84,2343.88,315.98
ORD00575,2025-06-24 06:12:18.615512928,Perfume,Beauty,South,4,112.76,451.04,29.59
ORD00576,2025-06-24 13:29:28.473728106,Perfume,Beauty,West,5,27.72,138.6,23.78
ORD00577,2025-06-24 20:46:38.331943286,Table,Furniture,East,1,294.74,294.74,22.77
ORD00578,2025-06-25 04:03:48.190158466,Jeans,Clothing,East,4,629.15,2516.6,282.2
ORD00579,2025-06-25 11:20:58.048373644,Table,Furniture,North,1,457.28,457.28,59.1
ORD00580,2025-06-25 18:38:07.906588824,T-Shirt,Clothing,West,6,257.09,1542.54,389.04
ORD00581,2025-06-26 01:55:17.764804004,Shoes,Clothing,West,2,526.93,1053.86,283.35
ORD00582,2025-06-26 09:12:27.623019182,Makeup,Beauty,North,4,193.29,773.16,97.12
ORD00583,2025-06-26 16:29:37.481234362,Headphones,Electronics,West,6,21.36,128.16,33.92
ORD00584,2025-06-26 23:46:47.339449542,Smartphone,Electronics,West,1,613.84,613.84,162.24
ORD00585,2025-06-27 07:03:57.197664720,Notebook,Office Supplies,South,3,502.76,1508.28,363.74
ORD00586,2025-06-27 14:21:07.055879900,Makeup,Beauty,East,3,612.22,1836.66,159.19
ORD00587,2025-06-27 21:38:16.914095080,T-Shirt,Clothing,West,2,40.76,81.52,18.14
ORD00588,2025-06-28 04:55:26.772310258,Headphones,Electronics,South,4,671.32,2685.28,768.68
ORD00589,2025-06-28 12:12:36.630525438,Jeans,Clothing,East,4,499.43,1997.72,440.77
ORD00590,2025-06-28 19:29:46.488740618,Monitor,Electronics,North,4,455.08,1820.32,241.93
ORD00591,2025-06-29 02:46:56.346955796,Smartphone,Electronics,South,6,503.45,3020.7,529.06
ORD00592,2025-06-29 10:04:06.205170976,Headphones,Electronics,South,7,692.9,4850.3,1025.51
ORD00593,2025-06-29 17:21:16.063386156,Hair Care,Beauty,East,7,473.68,3315.76,589.02
ORD00594,2025-06-30 00:38:25.921601334,Chair,Furniture,North,2,468.95,937.9,75.02
ORD00595,2025-06-30 07:55:35.779816514,Shoes,Clothing,South,4,792.64,3170.56,405.88
ORD00596,2025-06-30 15:12:45.638031694,Skincare,Beauty,West,6,607.82,3646.92,913.91
ORD00597,2025-06-30 22:29:55.496246872,Hair Care,Beauty,West,3,359.41,1078.23,286.11
ORD00598,2025-07-01 05:47:05.354462052,Perfume,Beauty,West,1,568.84,568.84,47.97
ORD00599,2025-07-01 13:04:15.212677232,Skincare,Beauty,North,6,317.49,1904.94,548.81
ORD00600,2025-07-01 20:21:25.070892410,Skincare,Beauty,South,7,190.81,1335.67,176.58
ORD00601,2025-07-02 03:38:34.929107590,Printer,Office Supplies,West,7,481.51,3370.57,726.62
ORD00602,2025-07-02 10:55:44.787322770,T-Shirt,Clothing,North,3,743.26,2229.78,530.59
ORD00603,2025-07-02 18:12:54.645537948,Perfume,Beauty,West,3,744.02,2232.06,564.68
ORD00604,2025-07-03 01:30:04.503753128,Shoes,Clothing,East,1,280.11,280.11,80.23
ORD00605,2025-07-03 08:47:14.361968308,Printer,Office Supplies,South,3,426.87,1280.61,164.21
ORD00606,2025-07-03 16:04:24.220183486,Stapler,Office Supplies,South,2,177.19,354.38,93.78
ORD00607,2025-07-03 23:21:34.078398666,Jeans,Clothing,North,1,796.55,796.55,66.05
ORD00608,2025-07-04 06:38:43.936613846,Headphones,Electronics,North,3,785.08,2355.24,532.9
ORD00609,2025-07-04 13:55:53.794829024,Bookshelf,Furniture,South,5,523.11,2615.55,615.95
ORD00610,2025-07-04 21:13:03.653044204,Monitor,Electronics,West,6,645.49,3872.94,849.84
ORD00611,2025-07-05 04:30:13.511259384,Monitor,Electronics,West,3,574.93,1724.79,195.04
ORD00612,2025-07-05 11:47:23.369474562,Headphones,Electronics,East,2,478.59,957.18,256.77
ORD00613,2025-07-05 19:04:33.227689742,Makeup,Beauty,West,4,52.14,208.56,19.23
ORD00614,2025-07-06 02:21:43.085904920,Printer,Office Supplies,North,3,369.26,1107.78,70.24
ORD00615,2025-07-06 09:38:52.944120100,Smartphone,Electronics,North,7,543.08,3801.56,871.95
ORD00616,2025-07-06 16:56:02.802335280,Pen Set,Office Supplies,West,7,545.25,3816.75,644.53
ORD00617,2025-07-07 00:13:12.660550458,T-Shirt,Clothing,North,7,304.77,2133.39,559.53
ORD00618,2025-07-07 07:30:22.518765638,Desk,Furniture,South,4,753.94,3015.76,439.85
ORD00619,2025-07-07 14:47:32.376980818,Shoes,Clothing,South,7,142.21,995.47,91.65
ORD00620,2025-07-07 22:04:42.235195996,T-Shirt,Clothing,West,5,405.28,2026.4,525.06
ORD00621,2025-07-08 05:21:52.093411176,Skincare,Beauty,South,3,555.8,1667.4,312.18
ORD00622,2025-07-08 12:39:01.951626356,Desk,Furniture,South,7,560.74,3925.18,381.92
ORD00623,2025-07-08 19:56:11.809841534,Jeans,Clothing,East,1,522.42,522.42,120.21
ORD00624,2025-07-09 03:13:21.668056714,T-Shirt,Clothing,East,4,227.48,909.92,161.76
ORD00625,2025-07-09 10:30:31.526271894,Chair,Furniture,South,5,133.4,667.0,134.12
ORD00626,2025-07-09 17:47:41.384487072,Bookshelf,Furniture,West,1,512.39,512.39,84.66
ORD00627,2025-07-10 01:04:51.242702252,Shoes,Clothing,East,1,483.45,483.45,124.33
ORD00628,2025-07-10 08:22:01.100917432,Bookshelf,Furniture,North,1,151.69,151.69,39.04
ORD00629,2025-07-10 15:39:10.959132610,Jeans,Clothing,North,1,567.06,567.06,128.92
ORD00630,2025-07-10 22:56:20.817347790,Jacket,Clothing,North,3,369.59,1108.77,84.65
ORD00631,2025-07-11 06:13:30.675562970,Hair Care,Beauty,West,7,537.53,3762.71,977.23
ORD00632,2025-07-11 13:30:40.533778148,Headphones,Electronics,South,6,671.52,4029.12,877.35
ORD00633,2025-07-11 20:47:50.391993328,Jacket,Clothing,North,3,144.09,432.27,96.94
ORD00634,2025-07-12 04:05:00.250208508,Stapler,Office Supplies,West,3,25.12,75.36,10.61
ORD00635,2025-07-12 11:22:10.108423686,Monitor,Electronics,East,5,625.49,3127.45,843.85
ORD00636,2025-07-12 18:39:19.966638866,Laptop,Electronics,South,5,491.66,2458.3,568.71
ORD00637,2025-07-13 01:56:29.824854046,Smartphone,Electronics,East,7,562.72,3939.04,307.83
ORD00638,2025-07-13 09:13:39.683069224,Hair Care,Beauty,West,6,672.14,4032.84,612.77
ORD00639,2025-07-13 16:30:49.541284404,T-Shirt,Clothing,North,5,644.22,3221.1,874.83
ORD00640,2025-07-13 23:47:59.399499584,Skincare,Beauty,North,7,769.13,5383.91,332.72
ORD00641,2025-07-14 07:05:09.257714762,T-Shirt,Clothing,West,7,433.39,3033.73,880.86
ORD00642,2025-07-14 14:22:19.115929942,Makeup,Beauty,North,2,395.91,791.82,174.03
ORD00643,2025-07-14 21:39:28.974145122,Hair Care,Beauty,South,6,327.49,1964.94,408.4
ORD00644,2025-07-15 04:56:38.832360300,Pen Set,Office Supplies,West,5,131.42,657.1,77.3
ORD00645,2025-07-15 12:13:48.690575480,Perfume,Beauty,East,6,462.36,2774.16,311.26
ORD00646,2025-07-15 19:30:58.548790660,Bookshelf,Furniture,West,3,228.84,686.52,196.01
ORD00647,2025-07-16 02:48:08.407005838,Pen Set,Office Supplies,South,3,737.83,2213.49,275.73
ORD00648,2025-07-16 10:05:18.265221018,Skincare,Beauty,South,6,470.72,2824.32,688.78
ORD00649,2025-07-16 17:22:28.123436198,Smartphone,Electronics,West,2,478.34,956.68,141.86
ORD00650,2025-07-17 00:39:37.981651376,Bookshelf,Furniture,West,2,290.39,580.78,49.26
ORD00651,2025-07-17 07:56:47.839866556,Table,Furniture,North,6,51.07,306.42,16.14
ORD00652,2025-07-17 15:13:57.698081734,Bookshelf,Furniture,South,5,35.08,175.4,32.64
ORD00653,2025-07-17 22:31:07.556296914,Notebook,Office Supplies,West,4,344.43,1377.72,404.97
ORD00654,2025-07-18 05:48:17.414512094,Makeup,Beauty,West,2,76.81,153.62,21.86
ORD00655,2025-07-18 13:05:27.272727272,Skincare,Beauty,South,1,489.41,489.41,68.17
ORD00656,2025-07-18 20:22:37.130942452,Headphones,Electronics,West,3,705.97,2117.91,288.08
ORD00657,2025-07-19 03:39:46.989157632,Monitor,Electronics,North,6,707.5,4245.0,764.68
ORD00658,2025-07-19 10:56:56.847372810,Desk,Furniture,South,1,530.65,530.65,84.99
ORD00659,2025-07-19 18:14:06.705587990,Smartphone,Electronics,North,6,176.87,1061.22,286.51
ORD00660,2025-07-20 01:31:16.563803170,Stapler,Office Supplies,North,7,691.77,4842.39,854.1
ORD00661,2025-07-20 08:48:26.422018348,Makeup,Beauty,North,3,710.01,2130.03,376.89
ORD00662,2025-07-20 16:05:36.280233528,Chair,Furniture,North,3,165.36,496.08,41.96
ORD00663,2025-07-20 23:22:46.138448708,Monitor,Electronics,South,2,592.57,1185.14,350.43
ORD00664,2025-07-21 06:39:55.996663886,Notebook,Office Supplies,North,2,236.35,472.7,53.18
ORD00665,2025-07-21 13:57:05.854879066,Pen Set,Office Supplies,North,1,644.09,644.09,44.02
ORD00666,2025-07-21 21:14:15.713094246,Laptop,Electronics,West,7,797.82,5584.74,1205.11
ORD00667,2025-07-22 04:31:25.571309424,Makeup,Beauty,South,6,33.72,202.32,40.23
ORD00668,2025-07-22 11:48:35.429524604,Monitor,Electronics,South,7,718.92,5032.44,773.92
ORD00669,2025-07-22 19:05:45.287739784,Bookshelf,Furniture,East,3,501.88,1505.64,234.2
ORD00670,2025-07-23 02:22:55.145954962,Monitor,Electronics,South,1,778.97,778.97,191.83
ORD00671,2025-07-23 09:40:05.004170142,Stapler,Office Supplies,South,4,377.36,1509.44,149.33
ORD00672,2025-07-23 16:57:14.862385322,Smartphone,Electronics,East,1,679.44,679.44,173.3
ORD00673,2025-07-24 00:14:24.720600500,Perfume,Beauty,South,5,59.29,296.45,62.9
ORD00674,2025-07-24 07:31:34.578815680,Jacket,Clothing,South,1,274.87,274.87,42.53
ORD00675,2025-07-24 14:48:44.437030860,Laptop,Electronics,South,7,62.94,440.58,72.48
ORD00676,2025-07-24 22:05:54.295246038,Perfume,Beauty,South,5,780.52,3902.6,445.53
ORD00677,2025-07-25 05:23:04.153461218,Skincare,Beauty,East,5,655.41,3277.05,780.03
ORD00678,2025-07-25 12:40:14.011676398,Stapler,Office Supplies,South,5,683.51,3417.55,609.07
ORD00679,2025-07-25 19:57:23.869891576,Perfume,Beauty,South,4,750.99,3003.96,391.16
ORD00680,2025-07-26 03:14:33.728106756,Hair Care,Beauty,East,1,77.23,77.23,15.37
ORD00681,2025-07-26 10:31:43.586321936,Hair Care,Beauty,West,7,314.62,2202.34,658.35
ORD00682,2025-07-26 17:48:53.444537114,Hair Care,Beauty,North,1,66.12,66.12,10.5
ORD00683,2025-07-27 01:06:03.302752294,Desk,Furniture,West,4,176.53,706.12,197.84
ORD00684,2025-07-27 08:23:13.160967474,Chair,Furniture,East,3,191.2,573.6,78.16
ORD00685,2025-07-27 15:40:23.019182652,Stapler,Office Supplies,North,2,380.59,761.18,48.47
ORD00686,2025-07-27 22:57:32.877397832,Laptop,Electronics,East,7,222.16,1555.12,157.16
ORD00687,2025-07-28 06:14:42.735613012,Skincare,Beauty,East,7,89.77,628.39,97.2
ORD00688,2025-07-28 13:31:52.593828192,Monitor,Electronics,South,1,142.32,142.32,14.93
ORD00689,2025-07-28 20:49:02.452043368,Monitor,Electronics,North,2,126.35,252.7,12.65
ORD00690,2025-07-29 04:06:12.310258548,Printer,Office Supplies,South,6,778.73,4672.38,1302.43
ORD00691,2025-07-29 11:23:22.168473728,Perfume,Beauty,North,6,609.84,3659.04,954.9
ORD00692,2025-07-29 18:40:32.026688908,Perfume,Beauty,East,4,774.53,3098.12,729.83
ORD00693,2025-07-30 01:57:41.884904088,Jeans,Clothing,East,6,357.39,2144.34,197.18
ORD00694,2025-07-30 09:14:51.743119268,Smartphone,Electronics,West,7,229.91,1609.37,128.9
ORD00695,2025-07-30 16:32:01.601334444,Monitor,Electronics,North,6,640.65,3843.9,257.16
ORD00696,2025-07-30 23:49:11.459549624,Chair,Furniture,South,3,267.74,803.22,185.55
ORD00697,2025-07-31 07:06:21.317764804,Jeans,Clothing,West,3,246.51,739.53,208.7
ORD00698,2025-07-31 14:23:31.175979984,Desk,Furniture,West,3,193.68,581.04,91.59
ORD00699,2025-07-31 21:40:41.034195164,Chair,Furniture,West,6,112.45,674.7,53.83
ORD00700,2025-08-01 04:57:50.892410344,Desk,Furniture,South,4,212.61,850.44,151.46
ORD00701,2025-08-01 12:15:00.750625520,Notebook,Office Supplies,West,5,290.7,1453.5,199.43
ORD00702,2025-08-01 19:32:10.608840700,Notebook,Office Supplies,South,5,542.46,2712.3,389.77
ORD00703,2025-08-02 02:49:20.467055880,Table,Furniture,West,2,59.43,118.86,24.41
ORD00704,2025-08-02 10:06:30.325271060,Jacket,Clothing,South,5,176.3,881.5,202.46
ORD00705,2025-08-02 17:23:40.183486240,Monitor,Electronics,East,5,649.13,3245.65,252.03
ORD00706,2025-08-03 00:40:50.041701420,Jacket,Clothing,East,3,126.07,378.21,22.28
ORD00707,2025-08-03 07:57:59.899916596,Hair Care,Beauty,East,3,280.69,842.07,251.43
ORD00708,2025-08-03 15:15:09.758131776,Pen Set,Office Supplies,East,6,693.08,4158.48,449.87
ORD00709,2025-08-03 22:32:19.616346956,Smartphone,Electronics,East,2,132.39,264.78,16.8
ORD00710,2025-08-04 05:49:29.474562136,Monitor,Electronics,West,1,75.36,75.36,7.35
ORD00711,2025-08-04 13:06:39.332777316,Hair Care,Beauty,West,7,392.79,2749.53,164.26
ORD00712,2025-08-04 20:23:49.190992492,Skincare,Beauty,West,2,248.91,497.82,73.65
ORD00713,2025-08-05 03:40:59.049207672,Desk,Furniture,South,2,455.09,910.18,228.09
ORD00714,2025-08-05 10:58:08.907422852,Stapler,Office Supplies,South,4,645.01,2580.04,349.11
ORD00715,2025-08-05 18:15:18.765638032,Pen Set,Office Supplies,South,6,118.35,710.1,114.36
ORD00716,2025-08-06 01:32:28.623853212,T-Shirt,Clothing,South,4,468.75,1875.0,410.43
ORD00717,2025-08-06 08:49:38.482068392,Table,Furniture,East,2,409.35,818.7,145.09
ORD00718,2025-08-06 16:06:48.340283568,Table,Furniture,East,2,123.82,247.64,65.71
ORD00719,2025-08-06 23:23:58.198498748,Desk,Furniture,East,2,502.96,1005.92,268.09
ORD00720,2025-08-07 06:41:08.056713928,Table,Furniture,North,5,226.18,1130.9,59.35
ORD00721,2025-08-07 13:58:17.914929108,Printer,Office Supplies,West,7,395.39,2767.73,676.74
ORD00722,2025-08-07 21:15:27.773144288,Pen Set,Office Supplies,South,7,75.0,525.0,86.72
ORD00723,2025-08-08 04:32:37.631359468,Desk,Furniture,South,4,373.07,1492.28,443.52
ORD00724,2025-08-08 11:49:47.489574644,T-Shirt,Clothing,East,2,252.11,504.22,86.12
ORD00725,2025-08-08 19:06:57.347789824,Smartphone,Electronics,South,7,659.68,4617.76,1370.2
ORD00726,2025-08-09 02:24:07.206005004,Laptop,Electronics,South,3,55.01,165.03,39.38
ORD00727,2025-08-09 09:41:17.064220184,Jeans,Clothing,West,7,340.7,2384.9,267.47
ORD00728,2025-08-09 16:58:26.922435364,Table,Furniture,East,6,372.16,2232.96,412.2
ORD00729,2025-08-10 00:15:36.780650544,Pen Set,Office Supplies,West,6,582.75,3496.5,1042.08
ORD00730,2025-08-10 07:32:46.638865720,Laptop,Electronics,North,7,463.69,3245.83,858.14
ORD00731,2025-08-10 14:49:56.497080900,Perfume,Beauty,North,3,537.1,1611.3,119.79
ORD00732,2025-08-10 22:07:06.355296080,Perfume,Beauty,North,6,623.87,3743.22,848.19
ORD00733,2025-08-11 05:24:16.213511260,Jeans,Clothing,East,5,691.14,3455.7,471.34
ORD00734,2025-08-11 12:41:26.071726440,Table,Furniture,South,7,257.96,1805.72,93.44
ORD00735,2025-08-11 19:58:35.929941620,Monitor,Electronics,East,5,435.04,2175.2,328.17
ORD00736,2025-08-12 03:15:45.788156796,Chair,Furniture,East,7,673.69,4715.83,512.56
ORD00737,2025-08-12 10:32:55.646371976,Laptop,Electronics,South,1,791.67,791.67,201.65
ORD00738,2025-08-12 17:50:05.504587156,Shoes,Clothing,West,1,712.72,712.72,95.74
ORD00739,2025-08-13 01:07:15.362802336,T-Shirt,Clothing,North,1,303.46,303.46,77.95
ORD00740,2025-08-13 08:24:25.221017516,Hair Care,Beauty,West,6,164.18,985.08,49.4
ORD00741,2025-08-13 15:41:35.079232696,Bookshelf,Furniture,North,5,396.62,1983.1,251.76
ORD00742,2025-08-13 22:58:44.937447872,Makeup,Beauty,East,5,595.9,2979.5,328.61
ORD00743,2025-08-14 06:15:54.795663052,Chair,Furniture,North,5,399.13,1995.65,216.31
ORD00744,2025-08-14 13:33:04.653878232,Perfume,Beauty,East,3,391.71,1175.13,78.79
ORD00745,2025-08-14 20:50:14.512093412,Pen Set,Office Supplies,West,5,672.2,3361.0,325.28
ORD00746,2025-08-15 04:07:24.370308592,Stapler,Office Supplies,East,3,295.51,886.53,167.45
ORD00747,2025-08-15 11:24:34.228523772,Notebook,Office Supplies,West,1,689.24,689.24,84.67
ORD00748,2025-08-15 18:41:44.086738948,Stapler,Office Supplies,South,1,331.38,331.38,51.15
ORD00749,2025-08-16 01:58:53.944954128,Smartphone,Electronics,South,6,269.3,1615.8,233.03
ORD00750,2025-08-16 09:16:03.803169308,Pen Set,Office Supplies,South,7,368.65,2580.55,694.11
ORD00751,2025-08-16 16:33:13.661384488,Shoes,Clothing,East,1,612.33,612.33,169.2
ORD00752,2025-08-16 23:50:23.519599668,Shoes,Clothing,South,7,109.54,766.78,132.84
ORD00753,2025-08-17 07:07:33.377814844,Monitor,Electronics,North,7,165.17,1156.19,153.24
ORD00754,2025-08-17 14:24:43.236030024,Printer,Office Supplies,West,6,761.64,4569.84,350.51
ORD00755,2025-08-17 21:41:53.094245204,Stapler,Office Supplies,West,2,148.64,297.28,85.72
ORD00756,2025-08-18 04:59:02.952460384,Printer,Office Supplies,North,2,458.5,917.0,59.66
ORD00757,2025-08-18 12:16:12.810675564,Perfume,Beauty,East,4,467.66,1870.64,232.73
ORD00758,2025-08-18 19:33:22.668890744,Desk,Furniture,East,6,396.8,2380.8,296.45
ORD00759,2025-08-19 02:50:32.527105920,Hair Care,Beauty,West,4,519.35,2077.4,270.27
ORD00760,2025-08-19 10:07:42.385321100,Bookshelf,Furniture,South,4,191.56,766.24,69.78
ORD00761,2025-08-19 17:24:52.243536280,Stapler,Office Supplies,East,2,446.6,893.2,219.54
ORD00762,2025-08-20 00:42:02.101751460,Stapler,Office Supplies,East,6,304.02,1824.12,147.07
ORD00763,2025-08-20 07:59:11.959966640,Hair Care,Beauty,North,2,532.72,1065.44,222.39
ORD00764,2025-08-20 15:16:21.818181820,Skincare,Beauty,North,4,121.57,486.28,39.37
ORD00765,2025-08-20 22:33:31.676396996,Bookshelf,Furniture,South,6,460.99,2765.94,187.07
ORD00766,2025-08-21 05:50:41.534612176,Jeans,Clothing,East,4,156.36,625.44,173.47
ORD00767,2025-08-21 13:07:51.392827356,Bookshelf,Furniture,East,5,230.13,1150.65,112.23
ORD00768,2025-08-21 20:25:01.251042536,Perfume,Beauty,North,7,182.78,1279.46,326.66
ORD00769,2025-08-22 03:42:11.109257716,Makeup,Beauty,East,6,154.44,926.64,172.5
ORD00770,2025-08-22 10:59:20.967472896,Laptop,Electronics,West,6,662.31,3973.86,276.04
ORD00771,2025-08-22 18:16:30.825688072,Makeup,Beauty,North,7,235.71,1649.97,476.61
ORD00772,2025-08-23 01:33:40.683903252,Smartphone,Electronics,South,4,742.43,2969.72,331.84
ORD00773,2025-08-23 08:50:50.542118432,Jeans,Clothing,North,5,776.24,3881.2,1028.17
ORD00774,2025-08-23 16:08:00.400333612,Desk,Furniture,East,3,461.3,1383.9,127.6
ORD00775,2025-08-23 23:25:10.258548792,Chair,Furniture,South,7,122.97,860.79,226.81
ORD00776,2025-08-24 06:42:20.116763972,Headphones,Electronics,North,2,305.89,611.78,32.61
ORD00777,2025-08-24 13:59:29.974979148,Table,Furniture,West,4,640.21,2560.84,455.69
ORD00778,2025-08-24 21:16:39.833194328,Makeup,Beauty,West,7,300.24,2101.68,509.36
ORD00779,2025-08-25 04:33:49.691409508,Pen Set,Office Supplies,North,7,78.74,551.18,156.37
ORD00780,2025-08-25 11:50:59.549624688,Monitor,Electronics,West,6,449.86,2699.16,748.48
ORD00781,2025-08-25 19:08:09.407839868,Chair,Furniture,West,2,677.65,1355.3,345.47
ORD00782,2025-08-26 02:25:19.266055048,Monitor,Electronics,West,2,638.78,1277.56,347.56
ORD00783,2025-08-26 09:42:29.124270224,Smartphone,Electronics,South,2,148.35,296.7,29.61
ORD00784,2025-08-26 16:59:38.982485404,Pen Set,Office Supplies,West,7,541.48,3790.36,458.81
ORD00785,2025-08-27 00:16:48.840700584,Skincare,Beauty,West,3,184.2,552.6,67.55
ORD00786,2025-08-27 07:33:58.698915764,Headphones,Electronics,West,1,182.38,182.38,26.31
ORD00787,2025-08-27 14:51:08.557130944,Chair,Furniture,South,4,700.52,2802.08,415.63
ORD00788,2025-08-27 22:08:18.415346124,Jeans,Clothing,North,1,207.24,207.24,38.58
ORD00789,2025-08-28 05:25:28.273561300,Headphones,Electronics,East,7,217.97,1525.79,137.28
ORD00790,2025-08-28 12:42:38.131776480,Monitor,Electronics,West,1,10.52,10.52,2.34
ORD00791,2025-08-28 19:59:47.989991660,Notebook,Office Supplies,North,7,697.83,4884.81,448.87
ORD00792,2025-08-29 03:16:57.848206840,Hair Care,Beauty,West,1,636.15,636.15,81.16
ORD00793,2025-08-29 10:34:07.706422020,Shoes,Clothing,South,2,505.59,1011.18,177.8
ORD00794,2025-08-29 17:51:17.564637196,Bookshelf,Furniture,North,5,602.71,3013.55,750.71
ORD00795,2025-08-30 01:08:27.422852376,Jacket,Clothing,South,2,130.12,260.24,61.12
ORD00796,2025-08-30 08:25:37.281067556,Bookshelf,Furniture,West,2,372.08,744.16,157.3
ORD00797,2025-08-30 15:42:47.139282736,Skincare,Beauty,West,6,287.46,1724.76,153.41
ORD00798,2025-08-30 22:59:56.997497916,Table,Furniture,South,6,84.08,504.48,94.22
ORD00799,2025-08-31 06:17:06.855713096,Printer,Office Supplies,East,1,394.04,394.04,28.32
ORD00800,2025-08-31 13:34:16.713928272,Notebook,Office Supplies,South,7,737.38,5161.66,745.04
ORD00801,2025-08-31 20:51:26.572143452,Notebook,Office Supplies,West,2,41.65,83.3,12.78
ORD00802,2025-09-01 04:08:36.430358632,Notebook,Office Supplies,South,1,240.25,240.25,14.4
ORD00803,2025-09-01 11:25:46.288573812,Jeans,Clothing,East,6,173.96,1043.76,123.68
ORD00804,2025-09-01 18:42:56.146788992,Makeup,Beauty,South,5,198.14,990.7,286.23
ORD00805,2025-09-02 02:00:06.005004172,Table,Furniture,East,4,727.66,2910.64,839.45
ORD00806,2025-09-02 09:17:15.863219348,Table,Furniture,East,1,379.77,379.77,52.44
ORD00807,2025-09-02 16:34:25.721434528,Pen Set,Office Supplies,South,5,378.38,1891.9,114.98
ORD00808,2025-09-02 23:51:35.579649708,Pen Set,Office Supplies,South,4,610.85,2443.4,231.57
ORD00809,2025-09-03 07:08:45.437864888,Headphones,Electronics,North,3,132.05,396.15,58.65
ORD00810,2025-09-03 14:25:55.296080068,Perfume,Beauty,West,1,394.94,394.94,113.33
ORD00811,2025-09-03 21:43:05.154295248,Jacket,Clothing,East,1,349.69,349.69,29.83
ORD00812,2025-09-04 05:00:15.012510424,Desk,Furniture,North,3,481.56,1444.68,347.99
ORD00813,2025-09-04 12:17:24.870725604,Monitor,Electronics,South,3,799.65,2398.95,185.13
ORD00814,2025-09-04 19:34:34.728940784,Headphones,Electronics,West,1,617.86,617.86,182.46
ORD00815,2025-09-05 02:51:44.587155964,Bookshelf,Furniture,North,3,324.31,972.93,141.47
ORD00816,2025-09-05 10:08:54.445371144,T-Shirt,Clothing,East,2,663.77,1327.54,323.67
ORD00817,2025-09-05 17:26:04.303586324,Smartphone,Electronics,North,4,144.86,579.44,78.6
ORD00818,2025-09-06 00:43:14.161801500,Monitor,Electronics,East,4,34.07,136.28,28.2
ORD00819,2025-09-06 08:00:24.020016680,Skincare,Beauty,South,4,171.51,686.04,67.23
ORD00820,2025-09-06 15:17:33.878231860,T-Shirt,Clothing,West,2,278.93,557.86,48.26
ORD00821,2025-09-06 22:34:43.736447040,Monitor,Electronics,West,7,413.36,2893.52,823.25
ORD00822,2025-09-07 05:51:53.594662220,T-Shirt,Clothing,West,3,495.95,1487.85,415.72
ORD00823,2025-09-07 13:09:03.452877400,Desk,Furniture,South,5,729.38,3646.9,991.47
ORD00824,2025-09-07 20:26:13.311092576,Printer,Office Supplies,East,3,412.78,1238.34,255.54
ORD00825,2025-09-08 03:43:23.169307756,Headphones,Electronics,South,1,406.01,406.01,102.34
ORD00826,2025-09-08 11:00:33.027522936,Skincare,Beauty,West,6,49.69,298.14,20.05
ORD00827,2025-09-08 18:17:42.885738116,Bookshelf,Furniture,South,4,37.58,150.32,20.1
ORD00828,2025-09-09 01:34:52.743953296,T-Shirt,Clothing,South,3,445.42,1336.26,171.61
ORD00829,2025-09-09 08:52:02.602168472,Desk,Furniture,South,5,356.16,1780.8,372.03
ORD00830,2025-09-09 16:09:12.460383652,Smartphone,Electronics,East,1,672.95,672.95,93.53
ORD00831,2025-09-09 23:26:22.318598832,Jeans,Clothing,North,2,136.94,273.88,23.86
ORD00832,2025-09-10 06:43:32.176814012,Notebook,Office Supplies,North,7,29.73,208.11,41.44
ORD00833,2025-09-10 14:00:42.035029192,Desk,Furniture,South,2,364.74,729.48,184.99
ORD00834,2025-09-10 21:17:51.893244372,Laptop,Electronics,North,5,197.61,988.05,143.79
ORD00835,2025-09-11 04:35:01.751459548,Hair Care,Beauty,North,1,49.2,49.2,4.09
ORD00836,2025-09-11 11:52:11.609674728,T-Shirt,Clothing,South,4,582.43,2329.72,231.04
ORD00837,2025-09-11 19:09:21.467889908,Bookshelf,Furniture,South,3,98.16,294.48,32.21
ORD00838,2025-09-12 02:26:31.326105088,Chair,Furniture,West,1,490.57,490.57,61.31
ORD00839,2025-09-12 09:43:41.184320268,Pen Set,Office Supplies,North,7,232.03,1624.21,342.22
ORD00840,2025-09-12 17:00:51.042535448,Printer,Office Supplies,East,2,147.06,294.12,58.89
ORD00841,2025-09-13 00:18:00.900750624,Hair Care,Beauty,South,7,310.0,2170.0,486.12
ORD00842,2025-09-13 07:35:10.758965804,Perfume,Beauty,West,7,643.14,4501.98,633.09
ORD00843,2025-09-13 14:52:20.617180984,Smartphone,Electronics,East,5,319.75,1598.75,409.28
ORD00844,2025-09-13 22:09:30.475396164,Headphones,Electronics,North,5,603.11,3015.55,304.64
ORD00845,2025-09-14 05:26:40.333611344,Skincare,Beauty,West,3,109.13,327.39,54.76
ORD00846,2025-09-14 12:43:50.191826524,Skincare,Beauty,South,5,620.49,3102.45,776.34
ORD00847,2025-09-14 20:01:00.050041700,Shoes,Clothing,East,5,197.18,985.9,93.7
ORD00848,2025-09-15 03:18:09.908256880,Notebook,Office Supplies,South,1,545.14,545.14,42.23
ORD00849,2025-09-15 10:35:19.766472060,Monitor,Electronics,North,4,456.97,1827.88,495.21
ORD00850,2025-09-15 17:52:29.624687240,Notebook,Office Supplies,East,3,744.02,2232.06,302.96
ORD00851,2025-09-16 01:09:39.482902420,Notebook,Office Supplies,North,1,315.98,315.98,69.82
ORD00852,2025-09-16 08:26:49.341117600,Perfume,Beauty,North,4,62.27,249.08,14.03
ORD00853,2025-09-16 15:43:59.199332776,Shoes,Clothing,West,7,25.13,175.91,39.14
ORD00854,2025-09-16 23:01:09.057547956,Chair,Furniture,South,1,663.22,663.22,85.57
ORD00855,2025-09-17 06:18:18.915763136,Shoes,Clothing,East,6,424.54,2547.24,162.86
ORD00856,2025-09-17 13:35:28.773978316,Jeans,Clothing,North,1,622.44,622.44,126.01
ORD00857,2025-09-17 20:52:38.632193496,Printer,Office Supplies,North,5,195.2,976.0,107.56
ORD00858,2025-09-18 04:09:48.490408676,Shoes,Clothing,East,4,282.62,1130.48,165.84
ORD00859,2025-09-18 11:26:58.348623852,Smartphone,Electronics,North,3,33.78,101.34,7.11
ORD00860,2025-09-18 18:44:08.206839032,Pen Set,Office Supplies,West,3,769.58,2308.74,200.38
ORD00861,2025-09-19 02:01:18.065054212,Headphones,Electronics,West,4,537.62,2150.48,267.72
ORD00862,2025-09-19 09:18:27.923269392,Desk,Furniture,West,5,747.23,3736.15,270.65
ORD00863,2025-09-19 16:35:37.781484572,Pen Set,Office Supplies,West,2,219.74,439.48,122.05
ORD00864,2025-09-19 23:52:47.639699752,Chair,Furniture,North,1,493.06,493.06,25.4
ORD00865,2025-09-20 07:09:57.497914928,Stapler,Office Supplies,East,5,546.01,2730.05,466.74
ORD00866,2025-09-20 14:27:07.356130108,Skincare,Beauty,East,6,260.86,1565.16,126.48
ORD00867,2025-09-20 21:44:17.214345288,Shoes,Clothing,East,7,680.01,4760.07,604.15
ORD00868,2025-09-21 05:01:27.072560468,Perfume,Beauty,East,4,758.26,3033.04,853.85
ORD00869,2025-09-21 12:18:36.930775648,Chair,Furniture,South,1,709.04,709.04,64.11
ORD00870,2025-09-21 19:35:46.788990824,Jeans,Clothing,East,3,593.86,1781.58,519.26
ORD00871,2025-09-22 02:52:56.647206004,Printer,Office Supplies,South,7,229.2,1604.4,162.76
ORD00872,2025-09-22 10:10:06.505421184,Shoes,Clothing,South,2,232.48,464.96,109.45
ORD00873,2025-09-22 17:27:16.363636364,Monitor,Electronics,West,6,771.05,4626.3,863.59
ORD00874,2025-09-23 00:44:26.221851544,Shoes,Clothing,South,3,18.12,54.36,14.74
ORD00875,2025-09-23 08:01:36.080066724,Laptop,Electronics,North,4,575.68,2302.72,434.06
ORD00876,2025-09-23 15:18:45.938281900,Jacket,Clothing,South,1,567.93,567.93,104.29
ORD00877,2025-09-23 22:35:55.796497080,Monitor,Electronics,West,4,501.92,2007.68,198.49
ORD00878,2025-09-24 05:53:05.654712260,Table,Furniture,South,7,792.19,5545.33,507.72
ORD00879,2025-09-24 13:10:15.512927440,Skincare,Beauty,North,1,256.38,256.38,71.56
ORD00880,2025-09-24 20:27:25.371142620,Stapler,Office Supplies,North,5,278.58,1392.9,183.81
ORD00881,2025-09-25 03:44:35.229357800,T-Shirt,Clothing,North,2,72.36,144.72,20.7
ORD00882,2025-09-25 11:01:45.087572976,Perfume,Beauty,West,5,359.81,1799.05,431.69
ORD00883,2025-09-25 18:18:54.945788156,Stapler,Office Supplies,West,5,216.23,1081.15,145.64
ORD00884,2025-09-26 01:36:04.804003336,Stapler,Office Supplies,East,4,281.28,1125.12,324.05
ORD00885,2025-09-26 08:53:14.662218516,Smartphone,Electronics,West,7,669.31,4685.17,1098.59
ORD00886,2025-09-26 16:10:24.520433696,Desk,Furniture,North,2,749.03,1498.06,298.65
ORD00887,2025-09-26 23:27:34.378648876,Desk,Furniture,North,1,156.73,156.73,42.35
ORD00888,2025-09-27 06:44:44.236864052,Makeup,Beauty,West,1,304.28,304.28,18.99
ORD00889,2025-09-27 14:01:54.095079232,Bookshelf,Furniture,South,6,743.62,4461.72,509.82
ORD00890,2025-09-27 21:19:03.953294412,Jacket,Clothing,West,3,58.83,176.49,29.34
ORD00891,2025-09-28 04:36:13.811509592,Bookshelf,Furniture,West,6,82.96,497.76,53.13
ORD00892,2025-09-28 11:53:23.669724772,Makeup,Beauty,North,6,138.6,831.6,196.24
ORD00893,2025-09-28 19:10:33.527939952,Desk,Furniture,East,1,480.22,480.22,134.37
ORD00894,2025-09-29 02:27:43.386155128,Shoes,Clothing,North,4,128.87,515.48,80.39
ORD00895,2025-09-29 09:44:53.244370308,Smartphone,Electronics,East,5,774.78,3873.9,525.04
ORD00896,2025-09-29 17:02:03.102585488,Makeup,Beauty,North,7,362.9,2540.3,737.67
ORD00897,2025-09-30 00:19:12.960800668,Monitor,Electronics,West,5,406.2,2031.0,327.42
ORD00898,2025-09-30 07:36:22.819015848,Smartphone,Electronics,North,5,204.86,1024.3,176.45
ORD00899,2025-09-30 14:53:32.677231028,Headphones,Electronics,North,2,382.06,764.12,105.38
ORD00900,2025-09-30 22:10:42.535446204,Printer,Office Supplies,North,1,532.91,532.91,147.82
ORD00901,2025-10-01 05:27:52.393661384,Notebook,Office Supplies,West,7,603.43,4224.01,812.02
ORD00902,2025-10-01 12:45:02.251876564,Laptop,Electronics,West,4,605.56,2422.24,582.65
ORD00903,2025-10-01 20:02:12.110091744,Perfume,Beauty,West,2,466.53,933.06,236.02
ORD00904,2025-10-02 03:19:21.968306924,Shoes,Clothing,West,3,724.44,2173.32,294.4
ORD00905,2025-10-02 10:36:31.826522104,T-Shirt,Clothing,East,4,655.75,2623.0,415.55
ORD00906,2025-10-02 17:53:41.684737280,Chair,Furniture,East,6,608.07,3648.42,956.32
ORD00907,2025-10-03 01:10:51.542952460,Makeup,Beauty,South,4,53.93,215.72,30.38
ORD00908,2025-10-03 08:28:01.401167640,Stapler,Office Supplies,West,4,15.43,61.72,15.34
ORD00909,2025-10-03 15:45:11.259382820,Headphones,Electronics,East,5,177.83,889.15,253.63
ORD00910,2025-10-03 23:02:21.117598000,Table,Furniture,North,4,534.18,2136.72,439.74
ORD00911,2025-10-04 06:19:30.975813176,Jeans,Clothing,West,6,334.85,2009.1,472.96
ORD00912,2025-10-04 13:36:40.834028356,Printer,Office Supplies,South,6,327.9,1967.4,494.36
ORD00913,2025-10-04 20:53:50.692243536,Pen Set,Office Supplies,South,1,708.82,708.82,185.19
ORD00914,2025-10-05 04:11:00.550458716,Laptop,Electronics,South,4,717.49,2869.96,426.94
ORD00915,2025-10-05 11:28:10.408673896,T-Shirt,Clothing,North,5,728.25,3641.25,228.73
ORD00916,2025-10-05 18:45:20.266889076,Makeup,Beauty,East,4,257.96,1031.84,155.26
ORD00917,2025-10-06 02:02:30.125104252,Printer,Office Supplies,North,3,555.93,1667.79,364.31
ORD00918,2025-10-06 09:19:39.983319432,Laptop,Electronics,West,3,224.59,673.77,109.55
ORD00919,2025-10-06 16:36:49.841534612,Hair Care,Beauty,South,5,160.58,802.9,190.48
ORD00920,2025-10-06 23:53:59.699749792,Jacket,Clothing,North,1,155.86,155.86,21.7
ORD00921,2025-10-07 07:11:09.557964972,Printer,Office Supplies,North,1,280.27,280.27,58.49
ORD00922,2025-10-07 14:28:19.416180152,Hair Care,Beauty,East,6,349.67,2098.02,202.68
ORD00923,2025-10-07 21:45:29.274395328,Hair Care,Beauty,East,6,666.45,3998.7,949.06
ORD00924,2025-10-08 05:02:39.132610508,Perfume,Beauty,South,2,104.71,209.42,39.04
ORD00925,2025-10-08 12:19:48.990825688,Stapler,Office Supplies,North,5,590.59,2952.95,298.3
ORD00926,2025-10-08 19:36:58.849040868,Stapler,Office Supplies,North,4,429.85,1719.4,211.45
ORD00927,2025-10-09 02:54:08.707256048,Bookshelf,Furniture,East,7,237.48,1662.36,394.23
ORD00928,2025-10-09 10:11:18.565471228,Shoes,Clothing,North,5,399.33,1996.65,340.73
ORD00929,2025-10-09 17:28:28.423686404,Monitor,Electronics,North,2,246.95,493.9,51.37
ORD00930,2025-10-10 00:45:38.281901584,Hair Care,Beauty,North,6,480.9,2885.4,842.01
ORD00931,2025-10-10 08:02:48.140116764,Table,Furniture,East,5,352.74,1763.7,403.5
ORD00932,2025-10-10 15:19:57.998331944,Headphones,Electronics,South,5,139.88,699.4,202.33
ORD00933,2025-10-10 22:37:07.856547124,Chair,Furniture,West,6,102.1,612.6,96.04
ORD00934,2025-10-11 05:54:17.714762304,Printer,Office Supplies,South,2,441.89,883.78,149.16
ORD00935,2025-10-11 13:11:27.572977480,Perfume,Beauty,West,6,722.91,4337.46,1190.58
ORD00936,2025-10-11 20:28:37.431192660,Monitor,Electronics,North,1,281.73,281.73,51.07
ORD00937,2025-10-12 03:45:47.289407840,Monitor,Electronics,South,4,589.07,2356.28,534.45
ORD00938,2025-10-12 11:02:57.147623020,Monitor,Electronics,West,6,530.34,3182.04,359.71
ORD00939,2025-10-12 18:20:07.005838200,Smartphone,Electronics,East,2,745.93,1491.86,241.21
ORD00940,2025-10-13 01:37:16.864053380,Laptop,Electronics,East,3,658.58,1975.74,159.76
ORD00941,2025-10-13 08:54:26.722268556,Chair,Furniture,South,1,457.62,457.62,46.45
ORD00942,2025-10-13 16:11:36.580483736,Perfume,Beauty,South,3,529.05,1587.15,79.73
ORD00943,2025-10-13 23:28:46.438698916,Notebook,Office Supplies,North,7,719.73,5038.11,301.36
ORD00944,2025-10-14 06:45:56.296914096,Printer,Office Supplies,South,6,325.62,1953.72,575.02
ORD00945,2025-10-14 14:03:06.155129276,Notebook,Office Supplies,North,1,268.17,268.17,29.66
ORD00946,2025-10-14 21:20:16.013344456,Pen Set,Office Supplies,North,4,18.54,74.16,16.01
ORD00947,2025-10-15 04:37:25.871559632,Bookshelf,Furniture,East,6,662.98,3977.88,1033.35
ORD00948,2025-10-15 11:54:35.729774812,Jeans,Clothing,East,4,642.77,2571.08,482.5
ORD00949,2025-10-15 19:11:45.587989992,Skincare,Beauty,West,5,92.52,462.6,40.84
ORD00950,2025-10-16 02:28:55.446205172,Monitor,Electronics,East,3,465.72,1397.16,324.18
ORD00951,2025-10-16 09:46:05.304420352,T-Shirt,Clothing,East,1,376.55,376.55,75.33
ORD00952,2025-10-16 17:03:15.162635528,Pen Set,Office Supplies,South,4,103.78,415.12,96.65
ORD00953,2025-10-17 00:20:25.020850708,Jacket,Clothing,East,2,784.65,1569.3,380.46
ORD00954,2025-10-17 07:37:34.879065888,Skincare,Beauty,West,4,179.61,718.44,211.12
ORD00955,2025-10-17 14:54:44.737281068,Laptop,Electronics,South,2,63.12,126.24,24.41
ORD00956,2025-10-17 22:11:54.595496248,Monitor,Electronics,West,6,479.93,2879.58,389.92
ORD00957,2025-10-18 05:29:04.453711428,Makeup,Beauty,East,1,593.7,593.7,125.93
ORD00958,2025-10-18 12:46:14.311926604,Skincare,Beauty,West,4,35.63,142.52,9.56
ORD00959,2025-10-18 20:03:24.170141784,Notebook,Office Supplies,South,7,530.39,3712.73,1018.58
ORD00960,2025-10-19 03:20:34.028356964,Laptop,Electronics,North,4,430.51,1722.04,137.5
ORD00961,2025-10-19 10:37:43.886572144,T-Shirt,Clothing,West,7,91.58,641.06,84.59
ORD00962,2025-10-19 17:54:53.744787324,Desk,Furniture,West,1,146.29,146.29,37.15
ORD00963,2025-10-20 01:12:03.603002504,Chair,Furniture,South,4,458.7,1834.8,365.73
ORD00964,2025-10-20 08:29:13.461217680,Makeup,Beauty,South,2,244.12,488.24,72.46
ORD00965,2025-10-20 15:46:23.319432860,Pen Set,Office Supplies,West,4,751.27,3005.08,505.93
ORD00966,2025-10-20 23:03:33.177648040,Desk,Furniture,East,3,656.8,1970.4,519.47
ORD00967,2025-10-21 06:20:43.035863220,Laptop,Electronics,West,6,787.02,4722.12,637.49
ORD00968,2025-10-21 13:37:52.894078400,Hair Care,Beauty,South,5,215.14,1075.7,287.66
ORD00969,2025-10-21 20:55:02.752293580,Jeans,Clothing,North,2,776.08,1552.16,111.81
ORD00970,2025-10-22 04:12:12.610508756,Hair Care,Beauty,North,3,350.67,1052.01,256.9
ORD00971,2025-10-22 11:29:22.468723936,T-Shirt,Clothing,East,7,284.54,1991.78,521.62
ORD00972,2025-10-22 18:46:32.326939116,Skincare,Beauty,West,6,49.78,298.68,28.51
ORD00973,2025-10-23 02:03:42.185154296,Makeup,Beauty,North,1,51.68,51.68,8.14
ORD00974,2025-10-23 09:20:52.043369476,Skincare,Beauty,West,2,556.69,1113.38,101.74
ORD00975,2025-10-23 16:38:01.901584656,T-Shirt,Clothing,South,5,371.76,1858.8,421.3
ORD00976,2025-10-23 23:55:11.759799832,Jeans,Clothing,North,6,188.95,1133.7,208.42
ORD00977,2025-10-24 07:12:21.618015012,Makeup,Beauty,East,7,495.04,3465.28,723.66
ORD00978,2025-10-24 14:29:31.476230192,Desk,Furniture,South,5,209.76,1048.8,103.96
ORD00979,2025-10-24 21:46:41.334445372,Pen Set,Office Supplies,East,1,466.33,466.33,48.0
ORD00980,2025-10-25 05:03:51.192660552,Notebook,Office Supplies,South,1,293.77,293.77,17.74
ORD00981,2025-10-25 12:21:01.050875732,Pen Set,Office Supplies,North,7,660.61,4624.27,603.55
ORD00982,2025-10-25 19:38:10.909090908,Jeans,Clothing,East,2,658.35,1316.7,250.09
ORD00983,2025-10-26 02:55:20.767306088,T-Shirt,Clothing,East,7,387.11,2709.77,716.69
ORD00984,2025-10-26 10:12:30.625521268,Chair,Furniture,South,4,287.15,1148.6,248.94
ORD00985,2025-10-26 17:29:40.483736448,Printer,Office Supplies,East,1,296.42,296.42,47.09
ORD00986,2025-10-27 00:46:50.341951628,Printer,Office Supplies,South,6,646.51,3879.06,1118.26
ORD00987,2025-10-27 08:04:00.200166804,Perfume,Beauty,South,4,269.26,1077.04,247.52
ORD00988,2025-10-27 15:21:10.058381984,Jeans,Clothing,South,3,175.16,525.48,148.47
ORD00989,2025-10-27 22:38:19.916597164,Printer,Office Supplies,South,5,76.9,384.5,69.94
ORD00990,2025-10-28 05:55:29.774812344,Chair,Furniture,North,4,378.69,1514.76,173.78
ORD00991,2025-10-28 13:12:39.633027524,Desk,Furniture,South,5,390.88,1954.4,123.53
ORD00992,2025-10-28 20:29:49.491242704,Notebook,Office Supplies,West,7,674.32,4720.24,1092.84
ORD00993,2025-10-29 03:46:59.349457880,T-Shirt,Clothing,East,4,184.78,739.12,59.37
ORD00994,2025-10-29 11:04:09.207673060,Desk,Furniture,West,7,310.98,2176.86,273.62
ORD00995,2025-10-29 18:21:19.065888240,Perfume,Beauty,North,3,648.64,1945.92,356.33
ORD00996,2025-10-30 01:38:28.924103420,Table,Furniture,West,1,660.66,660.66,126.25
ORD00997,2025-10-30 08:55:38.782318600,Laptop,Electronics,East,3,313.84,941.52,188.44
ORD00998,2025-10-30 16:12:48.640533780,Smartphone,Electronics,West,1,372.71,372.71,34.13
ORD00999,2025-10-30 23:29:58.498748956,Jeans,Clothing,North,7,249.6,1747.2,253.23
ORD01000,2025-10-31 06:47:08.356964136,Printer,Office Supplies,South,1,746.72,746.72,152.55
ORD01001,2025-10-31 14:04:18.215179316,Shoes,Clothing,West,5,103.73,518.65,151.68
ORD01002,2025-10-31 21:21:28.073394496,Shoes,Clothing,North,6,747.66,4485.96,1040.33
ORD01003,2025-11-01 04:38:37.931609676,Jacket,Clothing,North,3,550.25,1650.75,463.28
ORD01004,2025-11-01 11:55:47.789824856,T-Shirt,Clothing,East,4,429.94,1719.76,413.69
ORD01005,2025-11-01 19:12:57.648040032,Hair Care,Beauty,East,3,35.8,107.4,21.26
ORD01006,2025-11-02 02:30:07.506255212,Perfume,Beauty,West,5,385.72,1928.6,189.01
ORD01007,2025-11-02 09:47:17.364470392,Table,Furniture,South,1,332.12,332.12,71.96
ORD01008,2025-11-02 17:04:27.222685572,Monitor,Electronics,North,5,137.36,686.8,141.37
ORD01009,2025-11-03 00:21:37.080900752,Jacket,Clothing,West,2,528.56,1057.12,212.08
ORD01010,2025-11-03 07:38:46.939115932,Table,Furniture,North,2,777.21,1554.42,268.05
ORD01011,2025-11-03 14:55:56.797331108,Smartphone,Electronics,North,4,454.13,1816.52,330.9
ORD01012,2025-11-03 22:13:06.655546288,Stapler,Office Supplies,South,5,574.66,2873.3,383.9
ORD01013,2025-11-04 05:30:16.513761468,Hair Care,Beauty,South,7,64.08,448.56,80.66
ORD01014,2025-11-04 12:47:26.371976648,Smartphone,Electronics,West,4,339.96,1359.84,135.15
ORD01015,2025-11-04 20:04:36.230191828,Pen Set,Office Supplies,South,7,101.92,713.44,179.28
ORD01016,2025-11-05 03:21:46.088407008,Monitor,Electronics,South,4,494.11,1976.44,190.62
ORD01017,2025-11-05 10:38:55.946622184,Hair Care,Beauty,West,2,751.4,1502.8,107.06
ORD01018,2025-11-05 17:56:05.804837364,Hair Care,Beauty,South,4,532.8,2131.2,338.99
ORD01019,2025-11-06 01:13:15.663052544,Chair,Furniture,East,2,70.67,141.34,30.33
ORD01020,2025-11-06 08:30:25.521267724,Shoes,Clothing,North,1,290.19,290.19,46.26
ORD01021,2025-11-06 15:47:35.379482904,Monitor,Electronics,North,7,445.02,3115.14,371.29
ORD01022,2025-11-06 23:04:45.237698084,Headphones,Electronics,North,5,328.53,1642.65,311.35
ORD01023,2025-11-07 06:21:55.095913260,Notebook,Office Supplies,North,4,668.58,2674.32,365.71
ORD01024,2025-11-07 13:39:04.954128440,Makeup,Beauty,West,2,653.59,1307.18,370.22
ORD01025,2025-11-07 20:56:14.812343620,Smartphone,Electronics,North,3,493.35,1480.05,415.39
ORD01026,2025-11-08 04:13:24.670558800,Hair Care,Beauty,North,7,305.03,2135.21,374.93
ORD01027,2025-11-08 11:30:34.528773980,Monitor,Electronics,North,4,211.72,846.88,111.76
ORD01028,2025-11-08 18:47:44.386989156,Desk,Furniture,North,6,93.64,561.84,131.63
ORD01029,2025-11-09 02:04:54.245204336,Shoes,Clothing,East,1,290.37,290.37,17.18
ORD01030,2025-11-09 09:22:04.103419516,Smartphone,Electronics,North,1,336.41,336.41,56.75
ORD01031,2025-11-09 16:39:13.961634696,Hair Care,Beauty,East,3,543.9,1631.7,218.78
ORD01032,2025-11-09 23:56:23.819849876,Table,Furniture,West,2,529.95,1059.9,296.91
ORD01033,2025-11-10 07:13:33.678065056,Monitor,Electronics,South,4,65.39,261.56,13.86
ORD01034,2025-11-10 14:30:43.536280232,Notebook,Office Supplies,North,7,322.25,2255.75,424.54
ORD01035,2025-11-10 21:47:53.394495412,Jacket,Clothing,South,2,153.61,307.22,72.25
ORD01036,2025-11-11 05:05:03.252710592,Smartphone,Electronics,South,1,133.88,133.88,22.93
ORD01037,2025-11-11 12:22:13.110925772,Table,Furniture,West,2,663.57,1327.14,94.69
ORD01038,2025-11-11 19:39:22.969140952,Stapler,Office Supplies,South,1,43.11,43.11,12.64
ORD01039,2025-11-12 02:56:32.827356132,Desk,Furniture,East,2,341.15,682.3,122.47
ORD01040,2025-11-12 10:13:42.685571308,Bookshelf,Furniture,South,3,142.88,428.64,87.25
ORD01041,2025-11-12 17:30:52.543786488,Notebook,Office Supplies,South,5,704.67,3523.35,384.58
ORD01042,2025-11-13 00:48:02.402001668,Chair,Furniture,South,3,450.06,1350.18,230.71
ORD01043,2025-11-13 08:05:12.260216848,Stapler,Office Supplies,North,3,192.79,578.37,90.97
ORD01044,2025-11-13 15:22:22.118432028,Smartphone,Electronics,North,5,406.92,2034.6,139.83
ORD01045,2025-11-13 22:39:31.976647208,Stapler,Office Supplies,East,5,587.87,2939.35,224.98
ORD01046,2025-11-14 05:56:41.834862384,Printer,Office Supplies,East,4,766.91,3067.64,795.65
ORD01047,2025-11-14 13:13:51.693077564,T-Shirt,Clothing,North,7,184.15,1289.05,141.74
ORD01048,2025-11-14 20:31:01.551292744,Pen Set,Office Supplies,East,7,710.08,4970.56,490.79
ORD01049,2025-11-15 03:48:11.409507924,Printer,Office Supplies,North,4,748.1,2992.4,527.34
ORD01050,2025-11-15 11:05:21.267723104,Laptop,Electronics,West,3,733.97,2201.91,533.27
ORD01051,2025-11-15 18:22:31.125938284,Shoes,Clothing,South,3,511.98,1535.94,100.58
ORD01052,2025-11-16 01:39:40.984153460,Perfume,Beauty,South,1,507.56,507.56,98.57
ORD01053,2025-11-16 08:56:50.842368640,Headphones,Electronics,East,1,328.54,328.54,26.22
ORD01054,2025-11-16 16:14:00.700583820,Monitor,Electronics,North,7,604.39,4230.73,250.1
ORD01055,2025-11-16 23:31:10.558799000,Makeup,Beauty,North,4,429.72,1718.88,108.61
ORD01056,2025-11-17 06:48:20.417014180,Notebook,Office Supplies,East,6,545.18,3271.08,845.71
ORD01057,2025-11-17 14:05:30.275229360,Desk,Furniture,North,6,348.48,2090.88,166.21
ORD01058,2025-11-17 21:22:40.133444536,Shoes,Clothing,West,4,587.88,2351.52,144.12
ORD01059,2025-11-18 04:39:49.991659716,Bookshelf,Furniture,South,1,661.33,661.33,105.47
ORD01060,2025-11-18 11:56:59.849874896,Perfume,Beauty,East,7,125.68,879.76,229.62
ORD01061,2025-11-18 19:14:09.708090076,Headphones,Electronics,East,7,668.01,4676.07,540.56
ORD01062,2025-11-19 02:31:19.566305256,Monitor,Electronics,North,1,436.83,436.83,67.9
ORD01063,2025-11-19 09:48:29.424520436,Jacket,Clothing,East,6,677.29,4063.74,243.75
ORD01064,2025-11-19 17:05:39.282735612,Laptop,Electronics,West,2,350.73,701.46,113.83
ORD01065,2025-11-20 00:22:49.140950792,Headphones,Electronics,North,2,309.44,618.88,120.31
ORD01066,2025-11-20 07:39:58.999165972,Jeans,Clothing,North,1,732.9,732.9,141.25
ORD01067,2025-11-20 14:57:08.857381152,Jacket,Clothing,North,2,208.42,416.84,55.48
ORD01068,2025-11-20 22:14:18.715596332,Hair Care,Beauty,North,5,676.93,3384.65,436.22
ORD01069,2025-11-21 05:31:28.573811508,Laptop,Electronics,West,4,392.38,1569.52,120.31
ORD01070,2025-11-21 12:48:38.432026688,Headphones,Electronics,North,4,416.14,1664.56,235.87
ORD01071,2025-11-21 20:05:48.290241868,Hair Care,Beauty,East,1,253.69,253.69,18.99
ORD01072,2025-11-22 03:22:58.148457048,Stapler,Office Supplies,West,3,462.7,1388.1,335.43
ORD01073,2025-11-22 10:40:08.006672228,Stapler,Office Supplies,South,6,266.92,1601.52,466.95
ORD01074,2025-11-22 17:57:17.864887408,Printer,Office Supplies,South,1,41.02,41.02,12.0
ORD01075,2025-11-23 01:14:27.723102584,Makeup,Beauty,East,2,224.88,449.76,119.76
ORD01076,2025-11-23 08:31:37.581317764,Monitor,Electronics,East,6,15.04,90.24,18.07
ORD01077,2025-11-23 15:48:47.439532944,Makeup,Beauty,West,3,782.9,2348.7,528.97
ORD01078,2025-11-23 23:05:57.297748124,Makeup,Beauty,South,2,772.94,1545.88,187.52
ORD01079,2025-11-24 06:23:07.155963304,Notebook,Office Supplies,South,7,322.17,2255.19,468.39
ORD01080,2025-11-24 13:40:17.014178484,Table,Furniture,South,5,585.41,2927.05,479.78
ORD01081,2025-11-24 20:57:26.872393660,Laptop,Electronics,South,2,283.19,566.38,96.57
ORD01082,2025-11-25 04:14:36.730608840,Notebook,Office Supplies,South,5,540.16,2700.8,646.69
ORD01083,2025-11-25 11:31:46.588824020,Table,Furniture,North,6,646.29,3877.74,467.19
ORD01084,2025-11-25 18:48:56.447039200,Bookshelf,Furniture,East,5,757.94,3789.7,490.8
ORD01085,2025-11-26 02:06:06.305254380,T-Shirt,Clothing,North,6,326.17,1957.02,550.24
ORD01086,2025-11-26 09:23:16.163469560,Headphones,Electronics,South,6,628.81,3772.86,241.67
ORD01087,2025-11-26 16:40:26.021684736,Bookshelf,Furniture,West,6,220.08,1320.48,226.34
ORD01088,2025-11-26 23:57:35.879899916,Stapler,Office Supplies,West,6,792.36,4754.16,1322.61
ORD01089,2025-11-27 07:14:45.738115096,Jeans,Clothing,South,6,30.36,182.16,36.9
ORD01090,2025-11-27 14:31:55.596330276,Monitor,Electronics,South,2,486.79,973.58,181.67
ORD01091,2025-11-27 21:49:05.454545456,Perfume,Beauty,West,6,531.01,3186.06,358.23
ORD01092,2025-11-28 05:06:15.312760636,Printer,Office Supplies,North,2,553.56,1107.12,150.37
ORD01093,2025-11-28 12:23:25.170975812,Table,Furniture,North,6,105.11,630.66,165.87
ORD01094,2025-11-28 19:40:35.029190992,Table,Furniture,South,5,751.44,3757.2,713.13
ORD01095,2025-11-29 02:57:44.887406172,Printer,Office Supplies,North,7,153.13,1071.91,191.53
ORD01096,2025-11-29 10:14:54.745621352,Table,Furniture,West,6,501.98,3011.88,225.57
ORD01097,2025-11-29 17:32:04.603836532,Jeans,Clothing,North,3,185.91,557.73,30.12
ORD01098,2025-11-30 00:49:14.462051712,Headphones,Electronics,South,6,252.7,1516.2,441.09
ORD01099,2025-11-30 08:06:24.320266888,Shoes,Clothing,West,6,441.7,2650.2,382.28
ORD01100,2025-11-30 15:23:34.178482068,Bookshelf,Furniture,North,5,339.58,1697.9,340.94
ORD01101,2025-11-30 22:40:44.036697248,Skincare,Beauty,East,4,136.58,546.32,38.2
ORD01102,2025-12-01 05:57:53.894912428,Headphones,Electronics,West,5,145.04,725.2,160.11
ORD01103,2025-12-01 13:15:03.753127608,Headphones,Electronics,West,3,340.33,1020.99,289.08
ORD01104,2025-12-01 20:32:13.611342784,Printer,Office Supplies,East,4,608.25,2433.0,471.8
ORD01105,2025-12-02 03:49:23.469557964,Pen Set,Office Supplies,East,1,719.39,719.39,58.65
ORD01106,2025-12-02 11:06:33.327773144,Makeup,Beauty,West,1,76.46,76.46,14.94
ORD01107,2025-12-02 18:23:43.185988324,Smartphone,Electronics,East,3,320.55,961.65,232.32
ORD01108,2025-12-03 01:40:53.044203504,Skincare,Beauty,South,5,89.19,445.95,67.61
ORD01109,2025-12-03 08:58:02.902418684,Stapler,Office Supplies,South,2,23.11,46.22,12.48
ORD01110,2025-12-03 16:15:12.760633860,Notebook,Office Supplies,South,3,532.76,1598.28,339.11
ORD01111,2025-12-03 23:32:22.618849040,Headphones,Electronics,West,7,485.94,3401.58,934.8
ORD01112,2025-12-04 06:49:32.477064220,Shoes,Clothing,East,4,138.79,555.16,114.29
ORD01113,2025-12-04 14:06:42.335279400,Table,Furniture,East,4,194.71,778.84,64.51
ORD01114,2025-12-04 21:23:52.193494580,Notebook,Office Supplies,North,6,28.73,172.38,21.97
ORD01115,2025-12-05 04:41:02.051709760,Stapler,Office Supplies,North,1,669.61,669.61,67.26
ORD01116,2025-12-05 11:58:11.909924936,Shoes,Clothing,East,4,780.01,3120.04,864.9
ORD01117,2025-12-05 19:15:21.768140116,Shoes,Clothing,East,3,117.01,351.03,84.28
ORD01118,2025-12-06 02:32:31.626355296,Hair Care,Beauty,East,4,192.87,771.48,169.03
ORD01119,2025-12-06 09:49:41.484570476,Skincare,Beauty,West,3,696.04,2088.12,261.52
ORD01120,2025-12-06 17:06:51.342785656,Table,Furniture,East,2,741.91,1483.82,142.46
ORD01121,2025-12-07 00:24:01.201000836,Desk,Furniture,North,6,341.51,2049.06,489.96
ORD01122,2025-12-07 07:41:11.059216012,Smartphone,Electronics,West,1,49.99,49.99,8.43
ORD01123,2025-12-07 14:58:20.917431192,Perfume,Beauty,East,4,41.12,164.48,17.51
ORD01124,2025-12-07 22:15:30.775646372,Printer,Office Supplies,North,3,463.42,1390.26,283.83
ORD01125,2025-12-08 05:32:40.633861552,Hair Care,Beauty,West,5,320.39,1601.95,96.25
ORD01126,2025-12-08 12:49:50.492076732,Stapler,Office Supplies,East,1,32.64,32.64,4.29
ORD01127,2025-12-08 20:07:00.350291912,T-Shirt,Clothing,East,2,470.77,941.54,157.37
ORD01128,2025-12-09 03:24:10.208507088,Makeup,Beauty,East,3,18.93,56.79,4.94
ORD01129,2025-12-09 10:41:20.066722268,Jacket,Clothing,West,7,632.02,4424.14,1310.27
ORD01130,2025-12-09 17:58:29.924937448,Desk,Furniture,North,7,252.08,1764.56,180.47
ORD01131,2025-12-10 01:15:39.783152628,Bookshelf,Furniture,North,6,41.8,250.8,20.71
ORD01132,2025-12-10 08:32:49.641367808,Monitor,Electronics,South,6,474.8,2848.8,287.4
ORD01133,2025-12-10 15:49:59.499582988,Skincare,Beauty,East,2,324.17,648.34,157.07
ORD01134,2025-12-10 23:07:09.357798164,Jacket,Clothing,South,2,779.3,1558.6,243.73
ORD01135,2025-12-11 06:24:19.216013344,Notebook,Office Supplies,South,6,439.92,2639.52,505.08
ORD01136,2025-12-11 13:41:29.074228524,Bookshelf,Furniture,North,4,227.44,909.76,50.27
ORD01137,2025-12-11 20:58:38.932443704,Chair,Furniture,West,4,570.46,2281.84,133.73
ORD01138,2025-12-12 04:15:48.790658884,Notebook,Office Supplies,West,3,224.48,673.44,108.73
ORD01139,2025-12-12 11:32:58.648874064,Jeans,Clothing,North,5,724.35,3621.75,920.52
ORD01140,2025-12-12 18:50:08.507089240,T-Shirt,Clothing,West,3,306.03,918.09,249.09
ORD01141,2025-12-13 02:07:18.365304420,Perfume,Beauty,South,5,444.4,2222.0,159.27
ORD01142,2025-12-13 09:24:28.223519600,Makeup,Beauty,East,2,49.95,99.9,18.44
ORD01143,2025-12-13 16:41:38.081734780,Monitor,Electronics,North,1,346.64,346.64,96.47
ORD01144,2025-12-13 23:58:47.939949960,Desk,Furniture,East,3,667.57,2002.71,294.38
ORD01145,2025-12-14 07:15:57.798165136,Perfume,Beauty,West,3,646.46,1939.38,499.18
ORD01146,2025-12-14 14:33:07.656380316,Jacket,Clothing,East,5,187.21,936.05,78.09
ORD01147,2025-12-14 21:50:17.514595496,Pen Set,Office Supplies,West,2,188.6,377.2,107.07
ORD01148,2025-12-15 05:07:27.372810676,Jacket,Clothing,West,2,655.67,1311.34,311.91
ORD01149,2025-12-15 12:24:37.231025856,Table,Furniture,South,7,745.01,5215.07,1488.03
ORD01150,2025-12-15 19:41:47.089241036,Jacket,Clothing,West,5,85.34,426.7,93.51
ORD01151,2025-12-16 02:58:56.947456212,Laptop,Electronics,South,2,365.55,731.1,102.98
ORD01152,2025-12-16 10:16:06.805671392,Chair,Furniture,South,6,276.59,1659.54,472.21
ORD01153,2025-12-16 17:33:16.663886572,Pen Set,Office Supplies,South,4,697.84,2791.36,331.87
ORD01154,2025-12-17 00:50:26.522101752,Laptop,Electronics,North,7,75.98,531.86,70.76
ORD01155,2025-12-17 08:07:36.380316932,Table,Furniture,North,6,176.79,1060.74,238.88
ORD01156,2025-12-17 15:24:46.238532112,Notebook,Office Supplies,West,1,604.45,604.45,145.87
ORD01157,2025-12-17 22:41:56.096747288,Monitor,Electronics,South,3,50.52,151.56,42.79
ORD01158,2025-12-18 05:59:05.954962468,Smartphone,Electronics,North,7,399.1,2793.7,282.72
ORD01159,2025-12-18 13:16:15.813177648,Desk,Furniture,South,1,359.26,359.26,89.64
ORD01160,2025-12-18 20:33:25.671392828,Perfume,Beauty,East,3,274.18,822.54,193.0
ORD01161,2025-12-19 03:50:35.529608008,Smartphone,Electronics,East,4,321.71,1286.84,84.87
ORD01162,2025-12-19 11:07:45.387823188,Laptop,Electronics,East,2,428.65,857.3,125.86
ORD01163,2025-12-19 18:24:55.246038364,Pen Set,Office Supplies,West,6,137.48,824.88,99.56
ORD01164,2025-12-20 01:42:05.104253544,T-Shirt,Clothing,South,5,461.88,2309.4,291.27
ORD01165,2025-12-20 08:59:14.962468724,Table,Furniture,East,6,646.29,3877.74,1146.79
ORD01166,2025-12-20 16:16:24.820683904,Chair,Furniture,North,4,610.53,2442.12,514.54
ORD01167,2025-12-20 23:33:34.678899084,Skincare,Beauty,East,1,131.58,131.58,30.19
ORD01168,2025-12-21 06:50:44.537114264,Makeup,Beauty,East,5,127.91,639.55,188.13
ORD01169,2025-12-21 14:07:54.395329440,Desk,Furniture,East,2,221.86,443.72,64.03
ORD01170,2025-12-21 21:25:04.253544620,Perfume,Beauty,West,4,295.25,1181.0,295.79
ORD01171,2025-12-22 04:42:14.111759800,Printer,Office Supplies,North,5,332.68,1663.4,263.87
ORD01172,2025-12-22 11:59:23.969974980,Bookshelf,Furniture,South,4,546.96,2187.84,584.99
ORD01173,2025-12-22 19:16:33.828190160,Makeup,Beauty,North,4,54.78,219.12,20.85
ORD01174,2025-12-23 02:33:43.686405340,Table,Furniture,South,2,37.39,74.78,21.46
ORD01175,2025-12-23 09:50:53.544620516,T-Shirt,Clothing,West,7,319.61,2237.27,234.23
ORD01176,2025-12-23 17:08:03.402835696,Headphones,Electronics,West,3,560.76,1682.28,221.31
ORD01177,2025-12-24 00:25:13.261050876,Desk,Furniture,West,5,162.81,814.05,194.6
ORD01178,2025-12-24 07:42:23.119266056,Headphones,Electronics,West,2,516.79,1033.58,153.42
ORD01179,2025-12-24 14:59:32.977481236,Makeup,Beauty,South,4,215.26,861.04,173.98
ORD01180,2025-12-24 22:16:42.835696416,Monitor,Electronics,East,2,710.01,1420.02,228.83
ORD01181,2025-12-25 05:33:52.693911592,Chair,Furniture,South,7,717.6,5023.2,1183.43
ORD01182,2025-12-25 12:51:02.552126772,T-Shirt,Clothing,North,3,244.86,734.58,78.66
ORD01183,2025-12-25 20:08:12.410341952,Makeup,Beauty,West,6,191.7,1150.2,74.32
ORD01184,2025-12-26 03:25:22.268557132,Desk,Furniture,West,5,334.93,1674.65,209.3
ORD01185,2025-12-26 10:42:32.126772312,Perfume,Beauty,North,3,200.02,600.06,101.16
ORD01186,2025-12-26 17:59:41.984987488,Pen Set,Office Supplies,South,1,541.18,541.18,49.79
ORD01187,2025-12-27 01:16:51.843202668,Monitor,Electronics,East,5,662.59,3312.95,459.5
ORD01188,2025-12-27 08:34:01.701417848,Stapler,Office Supplies,East,3,541.74,1625.22,243.78
ORD01189,2025-12-27 15:51:11.559633028,Desk,Furniture,North,4,661.24,2644.96,170.2
ORD01190,2025-12-27 23:08:21.417848208,Jeans,Clothing,East,5,323.62,1618.1,316.87
ORD01191,2025-12-28 06:25:31.276063388,Makeup,Beauty,South,5,133.49,667.45,180.94
ORD01192,2025-12-28 13:42:41.134278564,Laptop,Electronics,South,2,592.98,1185.96,104.29
ORD01193,2025-12-28 20:59:50.992493744,Makeup,Beauty,North,4,294.77,1179.08,235.17
ORD01194,2025-12-29 04:17:00.850708924,Table,Furniture,South,1,540.3,540.3,116.8
ORD01195,2025-12-29 11:34:10.708924104,Perfume,Beauty,West,6,223.81,1342.86,207.92
ORD01196,2025-12-29 18:51:20.567139284,Smartphone,Electronics,North,7,74.17,519.19,116.96
ORD01197,2025-12-30 02:08:30.425354464,Chair,Furniture,South,3,794.14,2382.42,363.75
ORD01198,2025-12-30 09:25:40.283569640,Skincare,Beauty,North,2,133.4,266.8,47.0
ORD01199,2025-12-30 16:42:50.141784820,Jacket,Clothing,East,3,790.85,2372.55,122.99
ORD01200,2025-12-31 00:00:00.000000000,Table,Furniture,South,1,782.05,782.05,174.34
